Unique_ID,MORTGAGE NUMBER,PROPERTY VALUE,MORTGAGE PAYMENT,GDS,LTV,TDS,AMORTIZATION,MORTGAGE AMOUNT,RATE,TERM,FSA,INCOME,CREDIT SCORE,RESULT,MORTGAGE PURPOSE_Purchase,MORTGAGE PURPOSE_Refinance,PAYMENT FREQUENCY_Bi-Weekly,PAYMENT FREQUENCY_Bi-Weekly Accelerated,PAYMENT FREQUENCY_Monthly,PAYMENT FREQUENCY_Semi-Monthly,PAYMENT FREQUENCY_Weekly,PAYMENT FREQUENCY_Weekly Accelerated,PROPERTY TYPE_Duplex,PROPERTY TYPE_Fourplex,PROPERTY TYPE_High Rise,PROPERTY TYPE_Semi-Detached,PROPERTY TYPE_Single Detached,PROPERTY TYPE_Townhouse Condominium,PROPERTY TYPE_Townhouse Freehold,PROPERTY TYPE_Triplex,AGE RANGE_25-29,AGE RANGE_30-34,AGE RANGE_35-39,AGE RANGE_40-44,AGE RANGE_45-49,AGE RANGE_50-54,AGE RANGE_55-59,AGE RANGE_60-64,AGE RANGE_65-69,AGE RANGE_70 and over,AGE RANGE_Under 25,GENDER_Female,GENDER_Male,GENDER_Unknown,INCOME TYPE_-1,INCOME TYPE_1,INCOME TYPE_2,INCOME TYPE_3,INCOME TYPE_4,INCOME TYPE_5,INCOME TYPE_6,INCOME TYPE_7,INCOME TYPE_8,INCOME TYPE_9,INCOME TYPE_10,INCOME TYPE_11,INCOME TYPE_12,INCOME TYPE_13,INCOME TYPE_14,INCOME TYPE_15,INCOME TYPE_16,INCOME TYPE_17,INCOME TYPE_18,INCOME TYPE_19,INCOME TYPE_20,NAICS CODE_11,NAICS CODE_22,NAICS CODE_23,NAICS CODE_31-33,NAICS CODE_42,NAICS CODE_44-45,NAICS CODE_48-49,NAICS CODE_51,NAICS CODE_52,NAICS CODE_53,NAICS CODE_54,NAICS CODE_55,NAICS CODE_56,NAICS CODE_61,NAICS CODE_62,NAICS CODE_71,NAICS CODE_72,NAICS CODE_81,NAICS CODE_92,FSA_nums,FSA_PROPERTY VALUE_min,FSA_PROPERTY VALUE_max,FSA_PROPERTY VALUE_mean,FSA_PROPERTY VALUE_sum,FSA_PROPERTY VALUE_median,FSA_MORTGAGE PAYMENT_min,FSA_MORTGAGE PAYMENT_max,FSA_MORTGAGE PAYMENT_mean,FSA_MORTGAGE PAYMENT_sum,FSA_MORTGAGE PAYMENT_median,FSA_GDS_min,FSA_GDS_max,FSA_GDS_mean,FSA_GDS_sum,FSA_GDS_median,FSA_LTV_min,FSA_LTV_max,FSA_LTV_mean,FSA_LTV_sum,FSA_LTV_median,FSA_TDS_min,FSA_TDS_max,FSA_TDS_mean,FSA_TDS_sum,FSA_TDS_median,FSA_AMORTIZATION_min,FSA_AMORTIZATION_max,FSA_AMORTIZATION_mean,FSA_AMORTIZATION_sum,FSA_AMORTIZATION_median,FSA_MORTGAGE AMOUNT_min,FSA_MORTGAGE AMOUNT_max,FSA_MORTGAGE AMOUNT_mean,FSA_MORTGAGE AMOUNT_sum,FSA_MORTGAGE AMOUNT_median,FSA_RATE_min,FSA_RATE_max,FSA_RATE_mean,FSA_RATE_sum,FSA_RATE_median,FSA_TERM_min,FSA_TERM_max,FSA_TERM_mean,FSA_TERM_sum,FSA_TERM_median,FSA_INCOME_min,FSA_INCOME_max,FSA_INCOME_mean,FSA_INCOME_sum,FSA_INCOME_median,FSA_CREDIT SCORE_min,FSA_CREDIT SCORE_max,FSA_CREDIT SCORE_mean,FSA_CREDIT SCORE_sum,FSA_CREDIT SCORE_median
CAX_Train_1,1,900000,5429,61.98,65.0,71.63,360,1040000.0,4.0,12,L4C,108000,681,1.0,0,1,0,0,1,0,0,0,0,0,0,0,1,0,0,0,0,0,0,0,0,0,0,0,0,0,1,0,1,0,0,0,0,0,0,0,0,0,1,0,0,0,0,0,0,0,0,0,0,0,0,0,0,0,0,0,1,0,0,0,0,0,0,0,0,0,0,0,0,0,695,211000,7500000,925004.3165467626,642878000,723000,305,25032,3766.061870503597,2617413,3126.0,-0.23,278.71,28.305712230215864,19672.470000000027,30.0,8.08,85.581,71.90607625899278,49974.72299999998,75.0,6.21,1180.83,39.92976978417266,27751.190000000002,38.7,300,360,358.705035971223,249300,360,40000.0,4000000.0,682260.2125755395,474170847.73999995,574400.0,2.75,10.0,4.487050359712231,3118.5,4.25,6,60,14.071942446043165,9780,12,14000,1875000,193234.53237410073,134298000,145000,0,883,695.4446043165468,483334,704.0
CAX_Train_2,2,386000,2179,35.22,74.29,40.65,360,390000.0,4.5,12,L9T,78000,710,1.0,0,1,0,0,1,0,0,0,0,0,0,0,1,0,0,0,0,0,0,0,0,0,0,0,0,1,0,0,1,0,0,0,1,0,0,0,0,0,0,0,0,0,0,0,0,0,0,0,0,0,0,0,0,0,0,0,0,0,0,0,0,0,0,1,0,0,0,0,0,0,647,225000,1230000,536870.1700154559,347355000,510000,570,5925,2271.9459041731066,1469949,2203.0,-1.06,156.42,29.26792890262752,18936.350000000006,30.28,24.39,80.0,74.6688964451314,48310.77600000001,80.0,0.0,157.11,37.6279907264297,24345.310000000016,37.89,240,360,358.42349304482224,231900,360,100000.0,973809.0,418055.9373106645,270482191.43999994,400000.0,3.5,8.0,4.474884080370943,2895.25,4.5,6,60,15.013910355486862,9714,12,16000,980000,111571.87017001545,72187000,98000,0,874,670.160741885626,433594,689.0
CAX_Train_3,3,531000,2152,30.97,80.0,35.41,360,424800.0,3.5,6,M1N,87000,709,1.0,1,0,0,0,1,0,0,0,0,0,0,0,1,0,0,0,0,0,1,0,0,0,0,0,0,0,0,1,0,0,0,0,1,0,0,0,0,0,0,0,0,0,0,0,0,0,0,0,0,0,0,0,0,0,0,0,0,0,0,0,0,0,0,0,0,0,0,1,0,0,135,233000,2500000,682162.9629629629,92092000,606000,895,11827,2789.703703703704,376610,2431.0,-0.97,217.03,29.46251851851851,3977.439999999999,29.27,33.65,80.0,72.31259259259262,9762.200000000004,75.0,7.95,217.03,39.58362962962963,5343.79,37.5,300,360,359.1111111111111,48480,360,170000.0,2000000.0,506340.443925926,68355959.93,450000.0,3.5,6.0,4.590740740740741,619.75,4.5,6,36,14.933333333333334,2016,12,13000,950000,148081.4814814815,19991000,105000,0,883,677.3407407407408,91441,689.0
CAX_Train_4,4,1200000,5410,19.04,75.0,34.14,360,960000.0,5.5,12,M2M,300000,761,1.0,1,0,0,0,1,0,0,0,0,0,0,0,1,0,0,0,0,0,0,0,1,0,0,0,0,0,0,0,1,0,0,0,0,0,0,0,0,0,1,0,0,0,0,0,0,0,0,0,0,0,0,0,0,0,0,0,0,0,0,0,0,1,0,0,0,0,0,0,0,0,211,207000,4000000,1043213.2701421801,220118000,902000,563,13744,4206.777251184834,887630,3812.0,0.0,55.64,28.50952606635073,6015.510000000004,31.2,16.88,80.0,72.15025592417065,15223.704000000007,75.0,0.0,67.2,37.69241706161135,7953.099999999995,38.35,300,360,358.86255924170615,75720,360,90000.0,3000000.0,776330.5369668247,163805743.3,720000.0,3.25,8.0,4.501184834123222,949.75,4.5,6,60,14.274881516587678,3012,12,11000,850000,199331.75355450236,42059000,180000,0,861,695.7014218009479,146793,712.0
CAX_Train_5,5,350000,3342,29.59,80.0,34.85,360,592000.0,5.0,12,L7G,147000,762,1.0,0,1,0,0,1,0,0,0,0,0,0,0,1,0,0,0,0,0,0,0,0,1,0,0,0,0,0,0,1,0,0,0,0,0,0,0,0,0,1,0,0,0,0,0,0,0,0,0,0,0,0,0,0,0,0,0,0,0,0,0,0,0,0,0,0,1,0,0,0,0,184,235000,2500000,629157.6086956522,115765000,535000,536,7090,2514.608695652174,462688,2222.0,-2.93,87.31,29.82206521739131,5487.260000000001,30.175,27.78,80.76899999999999,71.92878260869566,13234.896,75.0,7.3,95.78,37.74717391304347,6945.479999999999,37.995,300,360,356.0869565217391,65520,360,62200.0,1335000.0,461779.56630434777,84967440.19999999,418000.0,3.5,10.0,4.627717391304348,851.5,4.5,12,60,17.282608695652176,3180,12,7000,1413000,128380.43478260869,23622000,103000,0,856,670.1413043478261,123306,675.0
CAX_Train_6,6,420000,2179,26.16,69.05,26.16,240,290000.0,5.5,24,M1M,106000,570,1.0,0,1,0,0,1,0,0,0,0,0,0,0,1,0,0,0,0,0,0,1,0,0,0,0,0,0,0,1,0,0,0,0,1,0,0,0,0,0,0,0,0,0,0,0,0,0,0,0,0,0,0,0,0,0,0,0,0,0,0,0,1,0,0,0,0,0,0,0,0,0,166,100000,2800000,710566.265060241,117954000,629500,439,11839,2968.397590361446,492754,2479.5,0.0,67.75,28.384578313253012,4711.84,28.82,13.33,80.0,72.99010843373493,12116.357999999998,75.0,0.0,112.98,39.34427710843372,6531.149999999998,38.370000000000005,240,360,357.4698795180723,59340,360,100000.0,2100000.0,543143.8072891567,90161872.01,454400.0,3.5,6.0,4.533132530120482,752.5,4.5,6,60,14.096385542168674,2340,12,26000,528000,146987.9518072289,24400000,125000,0,859,681.210843373494,113081,690.0
CAX_Train_7,7,1600000,5275,32.12,69.23,33.9,360,900000.0,4.0,12,L7B,185000,812,1.0,0,1,0,0,1,0,0,0,0,0,0,0,1,0,0,0,0,0,0,0,0,0,1,0,0,0,0,1,0,0,0,0,0,0,0,0,0,0,1,0,0,0,0,0,0,0,0,0,0,0,0,0,0,0,0,0,0,0,0,0,0,0,0,1,0,0,0,0,0,0,191,355000,5000000,1293602.0942408377,247078000,1120000,1023,20946,5170.141361256545,987497,4639.0,-0.74,311.68,32.16994764397907,6144.460000000003,30.36,11.25,80.0,69.30443979057593,13237.148000000003,75.0,19.3,311.68,42.15769633507853,8052.12,40.66,300,360,359.3717277486911,68640,360,120000.0,3400000.0,929027.9912565444,177444346.32999998,860000.0,3.5,7.0,4.582460732984293,875.25,4.5,6,60,13.916230366492147,2658,12,5000,1440000,261251.30890052355,49899000,217000,539,860,680.5863874345549,129992,678.0
CAX_Train_8,8,1500000,4383,35.68,55.17,37.81,360,644000.0,4.0,12,L3P,160000,683,1.0,0,1,0,0,1,0,0,0,0,0,0,0,1,0,0,0,0,0,0,0,1,0,0,0,0,0,0,0,1,0,0,0,0,0,0,0,0,0,1,0,0,0,0,0,0,0,0,0,0,0,0,0,0,0,0,0,0,1,0,0,0,0,0,0,0,0,0,0,0,0,198,236000,3250000,863500.0,170973000,735000,705,11494,3442.0454545454545,681525,3068.0,0.0,89.12,30.183131313131316,5976.26,30.735,16.56,80.0,70.89796969696968,14037.797999999997,75.0,9.79,96.24,38.71338383838385,7665.250000000002,38.705,300,360,359.3939393939394,71160,360,100000.0,2250000.0,650019.45510101,128703852.11,580000.0,3.5,9.0,4.458333333333333,882.75,4.25,6,36,15.333333333333334,3036,12,12000,2400000,169888.88888888888,33638000,140000,0,867,680.7272727272727,134784,700.0
CAX_Train_9,9,790000,3092,35.29,78.48100000000001,35.4,360,620000.0,3.5,60,M4C,89000,684,0.0,0,1,0,0,1,0,0,0,0,0,0,0,1,0,0,0,0,0,0,0,1,0,0,0,0,0,0,1,0,0,0,0,1,0,0,0,0,0,0,0,0,0,0,0,0,0,0,0,0,0,0,0,0,0,0,0,0,0,0,0,0,0,0,0,1,0,0,0,0,0,162,130000,1800000,619469.1358024691,100354000,567500,558,6789,2562.3518518518517,415101,2388.0,-0.8,82.77,26.75549382716049,4334.389999999999,27.995,17.39,80.0,70.23962345679013,11378.819000000001,75.0,0.0,82.77,36.20839506172839,5865.759999999999,37.394999999999996,180,360,355.9259259259259,57660,360,97500.0,1200000.0,458722.55895061727,74313054.55,423750.0,3.5,6.0,4.672839506172839,757.0,4.5,6,60,15.74074074074074,2550,12,24000,800000,139092.59259259258,22533000,99000,0,852,679.5061728395061,110080,691.5
CAX_Train_10,10,650000,1839,38.78,41.85,38.98,360,272000.0,5.5,12,L4W,60000,716,1.0,1,0,0,0,1,0,0,0,0,0,0,0,1,0,0,0,0,0,0,1,0,0,0,0,0,0,0,0,1,0,0,0,1,0,0,0,0,0,0,0,0,0,0,0,0,0,0,0,0,0,0,0,0,0,0,0,0,0,0,0,0,0,0,1,0,0,0,0,0,0,49,245000,1300000,652326.5306122449,31964000,600000,1188,5314,2793.4489795918366,136879,2622.0,0.0,154.85,29.659387755102035,1453.3099999999997,29.07,37.308,80.0,72.5024693877551,3552.6209999999996,76.42,13.91,156.17,39.6530612244898,1943.0,38.13,360,360,360.0,17640,360,196000.0,1000000.0,493077.2448979592,24160785.0,450000.0,3.5,6.0,4.464285714285714,218.75,4.5,12,36,17.387755102040817,852,12,32000,670000,148346.9387755102,7269000,116000,0,851,667.204081632653,32693,682.0
CAX_Train_11,11,170000,399,28.11,75.0,30.31,360,127000.0,4.75,36,K1T,35000,775,1.0,1,0,0,1,0,0,0,0,0,0,0,0,0,1,0,0,1,0,0,0,0,0,0,0,0,0,0,0,1,0,0,0,0,0,0,0,0,0,1,0,0,0,0,0,0,0,0,0,0,0,0,0,0,0,0,0,0,0,0,0,0,1,0,0,0,0,0,0,0,0,177,156000,985000,381288.13559322036,67488000,360000,255,5331,1523.7118644067796,269697,1508.0,0.0,302.64,29.834802259887017,5280.760000000002,31.02,15.15,80.0,72.85702824858757,12895.694,80.0,6.27,304.42,39.175593220338946,6934.079999999994,39.16,180,360,355.93220338983053,63000,360,50000.0,937500.0,283499.05338983046,50179332.449999996,272000.0,3.0,8.0,4.543785310734464,804.25,4.5,12,60,21.220338983050848,3756,12,7000,700000,85124.29378531073,15067000,70000,0,843,670.728813559322,118719,695.0
CAX_Train_12,12,440000,2095,27.84,76.7,27.84,360,337500.0,5.5,12,M6N,77000,490,1.0,0,1,0,0,1,0,0,0,0,0,0,0,1,0,0,0,1,0,0,0,0,0,0,0,0,0,0,0,1,0,0,0,1,0,0,0,0,0,0,0,0,0,0,0,0,0,0,0,0,0,0,0,0,1,0,0,0,0,0,0,0,0,0,0,0,0,0,0,0,0,208,180000,900000,481100.96153846156,100069000,450000,450,3539,2002.0576923076924,416428,1984.0,-10.5,173.12,27.817403846153827,5786.019999999996,28.634999999999998,11.625,80.0,70.32994711538463,14628.629000000003,75.0,-5.56,194.14,36.72336538461535,7638.459999999993,37.545,300,360,356.8269230769231,74220,360,55000.0,670400.0,361350.52283653844,75160908.75,356360.0,3.5,7.0,4.634615384615385,964.0,4.75,6,60,16.384615384615383,3408,12,11000,350000,93038.46153846153,19352000,85000,0,864,665.1778846153846,138357,680.5
CAX_Train_13,13,901000,4015,28.54,80.0,39.19,360,675750.0,5.25,12,L1R,173000,622,0.0,1,0,0,0,1,0,0,0,0,0,0,0,1,0,0,0,1,0,0,0,0,0,0,0,0,0,0,1,0,0,0,0,0,0,0,0,0,0,1,0,0,0,0,0,0,0,0,0,0,0,0,0,0,0,0,0,0,0,0,0,0,0,0,0,0,1,0,0,0,0,276,215000,1800000,507847.82608695654,140166000,465000,407,6083,2258.4927536231885,623344,2150.0,0.75,65.76,30.91684782608698,8533.050000000007,31.095,13.63,80.0,73.01432246376808,20151.95299999999,77.72,7.88,65.76,37.613985507246376,10381.46,38.695,300,360,355.6521739130435,98160,360,75000.0,1050000.0,395636.954673913,109195799.49,364000.0,3.5,8.0,4.678442028985507,1291.25,4.75,6,36,15.41304347826087,4254,12,30000,600000,113492.7536231884,31324000,95000,0,875,643.8695652173913,177708,640.5
CAX_Train_14,14,265000,1167,0.7,70.0,36.76,360,185500.0,4.75,12,L8V,200000,659,1.0,0,1,0,0,1,0,0,0,0,0,0,0,1,0,0,0,0,0,0,1,0,0,0,0,0,0,0,0,1,0,0,0,0,0,0,0,0,0,1,0,0,0,0,0,0,0,0,0,0,0,0,0,0,0,0,0,0,0,0,0,0,0,0,0,0,0,0,0,1,0,68,177000,537000,303367.64705882355,20629000,289000,538,2417,1374.1911764705883,93445,1341.0,0.0,85.77,25.9735294117647,1766.1999999999998,24.21,27.91,80.0,70.51526470588236,4795.0380000000005,75.0,6.7,117.13,37.96323529411763,2581.499999999999,38.445,300,360,352.05882352941177,23940,360,60000.0,402675.0,225198.38235294117,15313490.0,211875.0,3.5,6.0,4.757352941176471,323.5,4.75,12,60,18.529411764705884,1260,12,20000,442000,78161.76470588235,5315000,61000,0,846,636.3529411764706,43272,645.0
CAX_Train_15,15,499000,2282,18.83,65.0,41.81,360,324340.0,5.0,12,L0B,155000,627,1.0,0,1,0,0,1,0,0,0,0,0,0,0,1,0,0,0,0,0,0,0,0,0,1,0,0,0,0,0,1,0,0,0,0,0,0,0,0,0,1,0,0,0,0,0,0,0,0,0,0,0,0,0,0,0,1,0,0,0,0,0,0,0,0,0,0,0,0,0,0,0,51,185000,1700000,549431.3725490196,28021000,427000,515,8111,2065.3333333333335,105332,1750.0,4.73,62.82,28.773725490196078,1467.46,29.7,22.1,80.0,61.0813137254902,3115.147,65.0,16.13,62.82,36.687843137254916,1871.0800000000006,37.16,300,360,357.6470588235294,18240,360,100000.0,1349600.0,351713.92156862747,17937410.0,281250.0,4.25,6.0,5.063725490196078,258.25,5.0,12,36,16.470588235294116,840,12,28000,400000,116156.86274509804,5924000,82000,0,850,641.5098039215686,32717,641.0
CAX_Train_16,16,850000,4092,40.68,80.0,40.68,360,575000.0,6.25,12,M6E,111000,501,1.0,0,1,0,0,1,0,0,0,0,0,0,1,0,0,0,0,0,0,0,0,0,0,0,0,1,0,0,0,0,1,0,0,1,0,0,0,0,0,0,0,0,0,0,0,0,0,0,0,0,0,0,0,0,0,0,0,0,0,0,0,0,0,0,1,0,0,0,0,0,0,190,259000,2500000,594326.3157894737,112922000,536500,630,9121,2403.0157894736844,456573,2238.5,0.0,67.29,29.338368421052646,5574.290000000003,31.189999999999998,19.23,80.0,68.64832631578948,13043.182,75.0,0.0,76.26,36.86836842105264,7004.990000000002,38.045,180,360,356.2105263157895,67680,360,135000.0,1625000.0,431034.6414210527,81896581.87,399960.0,3.5,8.0,4.651315789473684,883.75,4.5,6,60,16.2,3078,12,14000,715000,111763.15789473684,21235000,90500,0,852,657.1789473684211,124864,671.0
CAX_Train_17,17,320000,1277,14.9,65.0,14.9,360,208000.0,5.0,12,L4T,159000,548,1.0,0,1,0,0,1,0,0,0,0,0,0,0,0,1,0,0,0,0,0,0,1,0,0,0,0,0,0,0,1,0,0,0,1,0,0,0,0,0,0,0,0,0,0,0,0,0,0,0,0,0,0,0,0,0,0,0,0,0,0,0,0,0,0,1,0,0,0,0,0,0,288,185000,1200000,462572.9166666667,133221000,448500,392,3510,1962.388888888889,565168,1952.0,-0.23,77.67,30.16680555555554,8688.039999999995,31.815,19.66,80.0,72.27844791666666,20816.193,78.83500000000001,10.63,81.56,36.91277777777779,10630.880000000005,37.099999999999994,300,360,358.125,103140,360,70000.0,825000.0,353075.8541666667,101685846.0,350000.0,3.5,6.5,4.546006944444445,1309.25,4.5,12,48,14.333333333333334,4128,12,9000,325000,88937.5,25614000,80000,0,879,663.6701388888889,191137,672.0
CAX_Train_18,18,474000,2024,3.78,75.0,42.49,360,355227.75,4.5,24,L6M,198000,650,1.0,1,0,0,0,1,0,0,0,0,0,0,0,0,0,1,0,0,0,0,0,1,0,0,0,0,0,0,0,1,0,0,0,0,0,0,0,0,0,1,0,0,0,0,0,0,0,0,0,0,0,0,0,0,0,0,0,0,0,0,0,1,0,0,0,0,0,0,0,0,0,289,223000,1903000,713287.1972318339,206140000,630000,600,8390,2914.0242214532873,842153,2602.0,0.0,101.18,28.083979238754324,8116.2699999999995,30.05,23.08,80.0,73.62484429065739,21277.579999999987,77.778,1.69,116.02,38.88823529411765,11238.7,38.97,300,360,359.3771626297578,103860,360,120000.0,1502000.0,537859.6875086505,155441449.69,500000.0,3.5,6.0,4.460207612456747,1289.0,4.25,6,60,16.110726643598618,4656,12,20000,525000,145678.20069204152,42101000,125000,0,897,677.8373702422145,195895,682.0
CAX_Train_19,19,376000,1671,9.63,80.0,41.44,360,281925.0,4.25,12,M8V,100000,712,1.0,1,0,0,0,1,0,0,0,0,0,1,0,0,0,0,0,0,0,0,1,0,0,0,0,0,0,0,1,0,0,0,0,0,0,0,0,0,0,1,0,0,0,0,0,0,0,0,0,0,0,0,0,0,0,0,0,0,0,0,0,0,0,0,1,0,0,0,0,0,0,322,204000,2400000,474263.9751552795,152713000,376500,556,9196,1950.829192546584,628167,1628.0,-3.15,76.53,21.514409937888207,6927.640000000003,21.73,17.1,80.0,72.58127329192546,23371.17,75.0,0.0,138.56,36.97155279503104,11904.839999999995,38.504999999999995,300,360,358.3229813664596,115380,360,90000.0,1800000.0,345701.1315217391,111315764.35,282217.5,3.5,7.0,4.581521739130435,1475.25,4.5,12,36,14.608695652173912,4704,12,17000,725000,130102.48447204969,41893000,102000,0,882,679.1273291925465,218679,701.0
CAX_Train_20,20,431000,2109,25.64,80.0,26.26,360,387858.92,4.75,12,L2H,125000,669,1.0,1,0,0,0,1,0,0,0,0,0,0,0,0,0,1,0,0,0,0,0,1,0,0,0,0,0,0,0,1,0,0,0,1,0,0,0,0,0,0,0,0,0,0,0,0,0,0,0,0,0,0,0,0,0,0,0,0,0,0,0,0,1,0,0,0,0,0,0,0,0,176,123000,800000,380579.54545454547,66982000,355000,518,3475,1660.3863636363637,292228,1617.0,0.0,134.09,26.593522727272727,4680.46,25.630000000000003,15.62,80.0,71.56656250000002,12595.715000000004,75.0,1.76,134.09,39.36505681818183,6928.250000000002,38.435,300,360,355.22727272727275,62520,360,77000.0,560000.0,280383.331875,49347466.41,268837.5,3.5,9.0,4.637784090909091,816.25,4.5,12,60,16.5,2904,12,16000,267000,88346.59090909091,15549000,80500,0,889,668.3522727272727,117630,668.0
CAX_Train_21,21,410000,2216,4.2,75.55,35.42,360,307425.0,5.5,12,M4Y,170000,736,1.0,1,0,0,0,1,0,0,0,0,0,1,0,0,0,0,0,0,0,0,0,1,0,0,0,0,0,0,1,0,0,0,0,0,0,0,0,0,0,1,0,0,0,0,0,0,0,0,0,0,0,0,0,0,0,0,0,0,0,0,0,1,0,0,0,0,0,0,0,0,0,216,206000,2000000,461773.14814814815,99743000,402500,409,8018,1952.1759259259259,421670,1713.0,-0.06,89.54,15.275787037037032,3299.569999999999,11.485,16.67,80.0,72.58639814814815,15678.662,75.0,0.0,117.87,36.22162037037036,7823.869999999997,37.155,300,360,359.72222222222223,77700,360,50000.0,1462500.0,344960.95949074073,74511567.25,297521.5,3.5,7.0,4.4467592592592595,960.5,4.5,12,60,14.722222222222221,3180,12,12000,500000,133810.1851851852,28903000,117500,0,874,716.3287037037037,154727,727.0
CAX_Train_22,22,185000,877,15.47,68.51,41.38,360,146250.0,6.0,12,M9B,100000,645,1.0,0,1,0,0,1,0,0,0,0,0,1,0,0,0,0,0,0,0,0,0,0,0,0,0,1,0,0,0,1,0,0,0,0,0,0,0,0,0,1,0,0,0,0,0,0,0,0,0,0,0,0,0,0,0,0,0,0,0,0,0,0,0,0,1,0,0,0,0,0,0,154,185000,2000000,680220.7792207792,104754000,634000,496,10442,2895.448051948052,445899,2545.0,-2.42,47.37,24.95188311688311,3842.589999999999,26.13,35.35,80.0,73.51366883116886,11321.105000000005,75.0,2.4,56.91,36.63655844155845,5642.030000000001,38.5,300,360,358.4415584415584,55200,360,124900.0,1740000.0,515900.37012987013,79448657.0,451000.0,3.25,7.0,4.534090909090909,698.25,4.5,6,60,15.974025974025974,2460,12,10000,664000,153363.63636363635,23618000,125500,0,883,686.3766233766233,105702,697.0
CAX_Train_23,23,340000,1679,21.74,80.0,30.71,360,285080.0,4.75,12,M6K,41000,736,1.0,1,0,0,0,1,0,0,0,0,0,1,0,0,0,0,0,0,0,0,0,0,1,0,0,0,0,0,1,0,0,0,0,1,0,0,0,0,0,0,0,0,0,0,0,0,0,0,0,0,0,0,0,0,0,0,0,0,0,0,0,0,0,0,1,0,0,0,0,0,0,264,167000,1400000,383875.0,101343000,328000,447,5213,1602.280303030303,423002,1396.5,-4.88,57.32,15.133901515151514,3995.35,11.245000000000001,28.89,80.0,74.01704545454544,19540.499999999996,75.0,3.01,69.73,35.36617424242423,9336.669999999996,37.379999999999995,300,360,358.6363636363636,94680,360,85000.0,925000.0,284511.4409848484,75111020.41999999,241120.0,3.25,6.0,4.523674242424242,1194.25,4.5,6,36,14.5,3828,12,10000,600000,123553.0303030303,32618000,100000,0,872,698.9280303030303,184517,709.0
CAX_Train_24,24,540000,2759,6.19,80.0,19.07,360,432000.0,5.5,12,L5V,300000,781,1.0,1,0,0,0,1,0,0,0,0,0,0,1,0,0,0,0,0,0,1,0,0,0,0,0,0,0,0,0,1,0,0,0,0,0,0,0,0,0,1,0,0,0,0,0,0,0,0,0,0,0,0,0,0,0,0,0,0,0,0,0,1,0,0,0,0,0,0,0,0,0,244,295000,1220000,640356.5573770492,156247000,625000,455,5003,2703.4918032786886,659652,2643.0,0.0,61.61,31.310655737704913,7639.799999999998,32.370000000000005,18.0,80.0,72.59205737704917,17712.462,78.43,0.0,89.9,37.664590163934434,9190.160000000002,38.245000000000005,300,360,358.7704918032787,87540,360,136000.0,959200.0,491185.15040983603,119849176.69999999,464750.0,3.5,9.0,4.469262295081967,1090.5,4.25,6,60,15.19672131147541,3708,12,9000,432000,118225.40983606558,28847000,105000,0,843,659.5532786885246,160931,682.5
CAX_Train_25,25,360000,1633,29.74,62.5,29.74,360,250000.0,5.0,12,L1C,71000,672,1.0,0,1,0,0,1,0,0,0,0,0,0,0,1,0,0,0,0,0,0,0,1,0,0,0,0,0,0,1,0,0,0,0,1,0,0,0,0,0,0,0,0,0,0,0,0,0,0,0,0,0,0,0,0,1,0,0,0,0,0,0,0,0,0,0,0,0,0,0,0,0,307,143000,1500000,413498.37133550487,126944000,375000,257,6192,1826.114006514658,560617,1747.0,-9.07,181.54,28.213224755700345,8661.460000000006,27.95,18.65,80.0,71.81000000000003,22045.67000000001,75.0,13.31,277.06,37.327524429967376,11459.549999999985,38.22,300,360,353.7459283387622,108600,360,50000.0,1125000.0,313197.9732573289,96151777.78999998,296000.0,3.5,9.0,4.71742671009772,1448.25,4.75,6,36,16.08469055374593,4938,12,3000,640000,103377.85016286645,31737000,87000,0,842,637.2508143322475,195636,645.0
CAX_Train_26,26,485000,1697,39.07,60.0,50.4,360,388000.0,4.25,12,L5N,75000,682,1.0,1,0,0,0,1,0,0,0,0,0,0,0,1,0,0,0,0,0,0,1,0,0,0,0,0,0,0,0,1,0,0,0,1,0,0,0,0,0,0,0,0,0,0,0,0,0,0,0,0,0,0,0,0,0,0,0,0,0,0,0,0,0,0,1,0,0,0,0,0,0,382,188000,1500000,532602.0942408377,203454000,500000,482,5925,2255.36387434555,861549,2239.5,0.0,227.71,33.6081937172775,12838.330000000005,32.58,16.22,92.38,71.83697643979055,27441.724999999988,75.0,0.0,229.38,39.638193717277446,15141.789999999985,38.955,300,360,358.7434554973822,137040,360,60000.0,1135346.99,404231.24437172775,154416335.35,400000.0,3.5,10.0,4.672120418848167,1784.75,4.5,6,60,15.188481675392671,5802,12,5000,487000,101929.31937172775,38937000,90000,0,859,647.1413612565445,247208,662.0
CAX_Train_27,27,505000,3011,46.03,80.0,46.36,360,520000.0,4.5,12,L6R,103000,627,1.0,1,0,0,0,1,0,0,0,0,0,0,0,1,0,0,0,0,1,0,0,0,0,0,0,0,0,0,0,1,0,0,0,1,0,0,0,0,0,0,0,0,0,0,0,0,0,0,0,0,0,0,0,0,0,0,0,0,0,0,0,0,1,0,0,0,0,0,0,0,0,866,57000,1150000,550185.9122401847,476461000,530000,606,4962,2486.7240184757507,2153503,2447.5,0.0,164.19,32.35330254041572,28017.96000000001,33.315,31.25,80.0,74.83713163972287,64808.956000000006,80.0,0.0,193.01,38.50793302540411,33347.86999999996,38.765,240,360,358.06004618937646,310080,360,137500.0,847000.0,433686.71682448033,375572696.77,423835.0,3.5,7.0,4.506928406466512,3903.0,4.5,6,60,14.404157043879907,12474,12,4000,510000,109423.78752886836,94761000,98000,0,890,659.986143187067,571548,672.0
CAX_Train_28,28,440000,1784,38.81,75.0,38.81,360,330000.0,4.0,12,L5C,58000,591,1.0,1,0,0,0,1,0,0,0,0,0,0,0,1,0,0,0,0,1,0,0,0,0,0,0,0,0,0,0,1,0,0,0,0,1,0,0,0,0,0,0,0,0,0,0,0,0,0,0,0,0,0,0,0,0,0,0,1,0,0,0,0,0,0,0,0,0,0,0,0,0,121,244000,1848000,578454.5454545454,69993000,530000,992,7005,2448.190082644628,296231,2259.0,-0.6,55.78,30.265702479338835,3662.149999999999,32.66,32.17,80.0,71.47213223140494,8648.127999999999,76.80199999999999,0.0,56.4,36.27933884297519,4389.799999999998,37.37,300,360,356.0330578512397,43080,360,150000.0,1127000.0,428600.5702479339,51860669.0,400000.0,3.5,8.0,4.628099173553719,560.0,4.5,6,36,15.173553719008265,1836,12,28000,390000,107123.96694214876,12962000,90000,0,852,655.396694214876,79303,665.0
CAX_Train_29,29,900000,885,12.28,11.114,12.28,360,100000.0,4.0,12,L4E,150000,0,0.0,0,1,0,0,1,0,0,0,0,0,0,0,1,0,0,0,0,0,0,1,0,0,0,0,0,0,0,0,1,0,0,0,0,0,0,0,0,0,1,0,0,0,0,0,0,0,0,0,0,0,0,0,0,0,0,0,0,0,0,0,0,0,1,0,0,0,0,0,0,0,486,182000,4000000,914831.2757201646,444608000,775500,228,17875,3860.633744855967,1876268,3282.0,0.0,103.68,29.70917695473252,14438.660000000005,31.025,11.114,80.0,73.32159053497942,35634.293,79.905,0.0,134.07,38.79448559670781,18854.119999999995,38.815,300,360,359.25925925925924,174600,360,40000.0,3150000.0,703226.6705555554,341768161.8899999,601596.0,3.5,9.0,4.470679012345679,2172.75,4.25,6,36,14.333333333333334,6966,12,19000,1125000,182242.79835390946,88570000,142000,0,880,691.9609053497942,336293,697.0
CAX_Train_30,30,397000,1377,4.18,65.0,4.18,360,258310.0,5.0,12,M5J,113000,670,0.0,1,0,0,0,1,0,0,0,0,0,1,0,0,0,0,0,0,0,1,0,0,0,0,0,0,0,0,0,1,0,0,0,1,0,0,0,0,0,0,0,0,0,0,0,0,0,0,0,0,0,0,0,0,0,0,0,0,0,0,0,0,1,0,0,0,0,0,0,0,0,194,204000,1600000,483010.3092783505,93704000,426500,721,5752,1906.9639175257732,369951,1753.5,0.0,696826.77,3606.902371134021,699739.06,11.75,38.46,80.0,72.9313298969072,14148.677999999998,75.0,0.0,5706190.52,29449.612938144346,5713224.910000003,35.900000000000006,300,360,358.1443298969072,69480,360,150000.0,980000.0,346522.06829896907,67225281.25,310871.25,3.5,6.5,4.372422680412371,848.25,4.25,6,36,14.257731958762887,2766,12,11000,1282000,159804.12371134022,31002000,121000,0,855,721.3453608247422,139941,725.0
CAX_Train_31,31,500000,1236,20.69,38.0,22.31,360,190000.0,4.75,12,M6K,77000,527,1.0,0,1,0,0,1,0,0,0,0,0,0,0,0,0,1,0,0,0,1,0,0,0,0,0,0,0,0,0,1,0,0,0,1,0,0,0,0,0,0,0,0,0,0,0,0,0,0,0,0,0,0,0,0,1,0,0,0,0,0,0,0,0,0,0,0,0,0,0,0,0,264,167000,1400000,383875.0,101343000,328000,447,5213,1602.280303030303,423002,1396.5,-4.88,57.32,15.133901515151514,3995.35,11.245000000000001,28.89,80.0,74.01704545454544,19540.499999999996,75.0,3.01,69.73,35.36617424242423,9336.669999999996,37.379999999999995,300,360,358.6363636363636,94680,360,85000.0,925000.0,284511.4409848484,75111020.41999999,241120.0,3.25,6.0,4.523674242424242,1194.25,4.5,6,36,14.5,3828,12,10000,600000,123553.0303030303,32618000,100000,0,872,698.9280303030303,184517,709.0
CAX_Train_32,32,750000,1983,59.02,50.0,59.02,360,320000.0,5.0,12,L8S,39000,752,0.0,0,1,0,0,1,0,0,0,0,0,0,0,1,0,0,0,0,0,0,0,0,0,0,0,0,1,0,1,0,0,0,0,0,0,0,0,1,0,0,0,0,0,0,0,0,0,0,0,0,0,0,0,0,0,0,0,0,0,0,0,0,0,0,0,0,0,0,0,1,0,66,125000,1850000,487000.0,32142000,427000,574,7533,2173.4242424242425,143446,1921.0,-6.51,65.84,17.489242424242416,1154.2899999999995,13.655,44.64,80.0,70.26695454545454,4637.619,72.025,8.14,66.41,34.923787878787884,2304.9700000000003,36.85,300,360,358.1818181818182,23640,360,88000.0,1231750.0,348037.04545454547,22970445.0,316200.0,4.0,6.0,4.928030303030303,325.25,5.0,12,36,15.272727272727273,1008,12,22000,415000,100439.39393939394,6629000,85000,551,896,703.4848484848485,46430,699.0
CAX_Train_33,33,460000,814,27.0,80.0,49.99,360,348000.0,4.5,12,T3M,94000,656,1.0,0,1,1,0,0,0,0,0,0,0,0,0,1,0,0,0,0,0,0,0,1,0,0,0,0,0,0,0,1,0,0,0,1,0,0,0,0,0,0,0,0,0,0,0,0,0,0,0,0,0,0,0,0,0,0,0,0,0,0,0,0,1,0,0,0,0,0,0,0,0,48,190000,1117000,493625.0,23694000,460000,429,4639,1769.4375,84933,1872.0,0.0,71.69,24.84958333333333,1192.78,27.345,40.0,80.0,70.92704166666665,3404.4979999999996,75.0,10.51,85.03,39.37020833333334,1889.7700000000002,39.224999999999994,300,360,357.5,17160,360,142200.0,837431.9,356040.3179166666,17089935.259999998,348375.0,3.5,6.0,4.677083333333333,224.5,4.75,6,36,13.875,666,12,24000,700000,125958.33333333333,6046000,101500,0,821,661.125,31734,686.5
CAX_Train_34,34,530000,2461,27.0,80.0,35.19,360,415992.0,4.75,12,L9T,138000,544,1.0,1,0,0,0,1,0,0,0,0,0,0,0,1,0,0,0,0,0,1,0,0,0,0,0,0,0,0,0,1,0,0,0,0,0,0,0,0,0,1,0,0,0,0,0,0,0,0,0,0,0,0,0,0,0,0,0,0,0,0,0,0,0,0,1,0,0,0,0,0,0,647,225000,1230000,536870.1700154559,347355000,510000,570,5925,2271.9459041731066,1469949,2203.0,-1.06,156.42,29.26792890262752,18936.350000000006,30.28,24.39,80.0,74.6688964451314,48310.77600000001,80.0,0.0,157.11,37.6279907264297,24345.310000000016,37.89,240,360,358.42349304482224,231900,360,100000.0,973809.0,418055.9373106645,270482191.43999994,400000.0,3.5,8.0,4.474884080370943,2895.25,4.5,6,60,15.013910355486862,9714,12,16000,980000,111571.87017001545,72187000,98000,0,874,670.160741885626,433594,689.0
CAX_Train_35,35,280000,1262,8.9,75.0,47.06,360,223920.0,5.0,36,N1K,55000,737,1.0,1,0,0,0,1,0,0,0,0,0,0,0,0,0,1,0,0,0,0,0,1,0,0,0,0,0,0,0,0,1,0,0,0,0,0,0,0,0,0,0,0,0,0,0,0,0,0,0,0,1,0,0,0,0,0,0,1,0,0,0,0,0,0,0,0,0,0,0,0,0,25,165000,750000,394840.0,9871000,367000,483,3016,1690.48,42262,1717.0,-0.24,42.9,27.255599999999994,681.3899999999999,31.85,19.23,80.0,71.05892,1776.4730000000002,75.0,18.12,58.52,37.5148,937.87,37.68,300,360,355.2,8880,360,50000.0,542250.0,285529.512,7138237.8,292400.0,3.5,6.0,4.75,118.75,5.0,12,36,15.84,396,12,32000,222000,83080.0,2077000,70000,0,839,622.8,15570,674.0
CAX_Train_36,36,668000,3076,8.69,80.0,33.64,360,534792.0,4.75,12,M2N,174000,625,1.0,1,0,0,0,1,0,0,0,0,0,1,0,0,0,0,0,0,0,0,0,0,0,0,0,1,0,0,0,1,0,0,0,0,0,0,0,0,0,1,0,0,0,0,0,0,0,0,0,0,0,0,0,0,0,0,0,0,0,0,0,0,1,0,0,0,0,0,0,0,0,613,205000,3740000,842613.3768352366,516522000,545000,562,13428,3417.872756933116,2095156,2294.0,-1.25,10354845.98,16917.76853181076,10370592.109999996,26.42,15.15,85.185,72.49457748776507,44439.175999999985,75.0,2.75,10582937.21,17303.663752039145,10607145.879999995,38.64,240,420,358.33605220228384,219660,360,75000.0,2325000.0,617336.1833931485,378427080.42,403868.0,3.5,9.25,4.57137030995106,2802.25,4.5,6,60,13.526916802610113,8292,12,10000,1750000,205784.6655791191,126146000,150000,0,873,696.5089722675367,426960,713.0
CAX_Train_37,37,808000,3298,17.64,80.0,45.81,360,646400.0,4.0,12,M1R,165000,745,1.0,1,0,0,0,1,0,0,0,0,0,0,0,1,0,0,0,0,0,0,0,0,1,0,0,0,0,0,0,1,0,0,0,1,0,0,0,0,0,0,0,0,0,0,0,0,0,0,0,0,0,0,0,0,0,0,0,0,0,0,1,0,0,0,0,0,0,0,0,0,0,151,215000,1700000,617185.4304635761,93195000,583000,416,6325,2475.9139072847684,373863,2454.0,0.0,48.96,27.063841059602655,4086.640000000001,28.79,27.91,80.0,72.71084105960266,10979.337000000001,75.76,8.47,50.52,37.111059602649,5603.769999999999,38.54,300,360,358.41059602649005,54120,360,60000.0,1200000.0,457659.5776821192,69106596.23,445600.0,3.5,6.0,4.526490066225166,683.5,4.5,6,60,14.503311258278146,2190,12,7000,500000,119099.33774834438,17984000,110000,0,874,682.4437086092715,103049,696.0
CAX_Train_38,38,623000,3000,8.01,80.0,38.21,360,498320.0,4.5,12,L6M,240000,725,1.0,1,0,0,0,1,0,0,0,0,0,0,0,0,0,1,0,0,0,0,0,1,0,0,0,0,0,0,0,1,0,0,0,0,0,0,0,0,0,1,0,0,0,0,0,0,0,0,0,0,0,0,0,0,0,0,0,0,0,0,0,0,1,0,0,0,0,0,0,0,0,289,223000,1903000,713287.1972318339,206140000,630000,600,8390,2914.0242214532873,842153,2602.0,0.0,101.18,28.083979238754324,8116.2699999999995,30.05,23.08,80.0,73.62484429065739,21277.579999999987,77.778,1.69,116.02,38.88823529411765,11238.7,38.97,300,360,359.3771626297578,103860,360,120000.0,1502000.0,537859.6875086505,155441449.69,500000.0,3.5,6.0,4.460207612456747,1289.0,4.25,6,60,16.110726643598618,4656,12,20000,525000,145678.20069204152,42101000,125000,0,897,677.8373702422145,195895,682.0
CAX_Train_39,39,275000,1104,33.03,70.0,33.03,360,192500.0,4.5,12,M2M,80000,673,1.0,0,1,0,0,1,0,0,0,0,0,1,0,0,0,0,0,0,0,0,0,1,0,0,0,0,0,0,0,1,0,0,0,0,0,0,0,0,0,1,0,0,0,0,0,0,0,0,0,0,0,0,0,0,0,0,0,0,0,0,0,0,1,0,0,0,0,0,0,0,0,211,207000,4000000,1043213.2701421801,220118000,902000,563,13744,4206.777251184834,887630,3812.0,0.0,55.64,28.50952606635073,6015.510000000004,31.2,16.88,80.0,72.15025592417065,15223.704000000007,75.0,0.0,67.2,37.69241706161135,7953.099999999995,38.35,300,360,358.86255924170615,75720,360,90000.0,3000000.0,776330.5369668247,163805743.3,720000.0,3.25,8.0,4.501184834123222,949.75,4.5,6,60,14.274881516587678,3012,12,11000,850000,199331.75355450236,42059000,180000,0,861,695.7014218009479,146793,712.0
CAX_Train_40,40,377000,1510,32.1,66.38,39.42,360,250250.0,4.5,12,L5R,98000,635,1.0,0,1,0,0,1,0,0,0,0,0,1,0,0,0,0,0,0,0,0,0,1,0,0,0,0,0,0,0,0,1,0,0,0,0,0,0,0,0,1,0,0,0,0,0,0,0,0,0,0,0,0,0,0,0,0,0,0,0,0,0,0,0,0,0,0,0,0,1,0,0,161,184000,1338000,548310.5590062112,88278000,506000,592,5135,2384.944099378882,383976,2355.0,0.34,94.62,30.232236024844735,4867.390000000002,31.95,15.89,80.0,72.91436645962732,11739.212999999998,75.0,9.02,103.81,38.99335403726708,6277.93,38.63,300,360,359.2546583850932,57840,360,101315.0,950000.0,419419.5341614907,67526545.0,420000.0,3.5,6.0,4.62111801242236,744.0,4.5,12,36,15.130434782608695,2436,12,7000,420000,114267.08074534162,18397000,96000,0,822,634.6521739130435,102179,673.0
CAX_Train_41,41,270000,930,0.95,47.14,46.01,360,140000.0,5.0,24,L9S,132000,630,1.0,1,0,0,0,1,0,0,0,0,0,0,0,1,0,0,0,0,0,0,0,0,0,0,1,0,0,0,0,1,0,0,0,0,0,0,0,0,0,1,0,0,0,0,0,0,0,0,0,0,0,0,0,0,0,0,0,0,0,0,0,1,0,0,0,0,0,0,0,0,0,352,149000,2500000,467926.13636363635,164710000,415000,374,15814,2009.8636363636363,707472,1886.0,0.0,21380462.5,60768.01059659088,21390339.72999999,28.73,14.999,80.0,71.06006818181824,25013.14400000002,75.0,0.0,22747962.5,64662.610511363644,22761238.900000002,37.115,120,360,354.8863636363636,124920,360,60000.0,2525000.0,353146.40036931814,124307532.92999998,322375.0,3.5,7.0,4.652698863636363,1637.75,4.75,6,60,17.011363636363637,5988,12,15000,1500000,113099.43181818182,39811000,90000,0,885,644.0681818181819,226712,660.0
CAX_Train_42,42,390000,1853,26.33,78.46,37.73,360,305000.0,4.5,12,K9A,89000,573,1.0,0,1,0,0,1,0,0,0,0,0,0,0,1,0,0,0,0,0,0,0,0,0,0,1,0,0,0,0,1,0,0,0,0,0,0,0,0,0,1,0,0,0,0,0,0,0,0,0,0,0,0,0,0,0,0,0,0,1,0,0,0,0,0,0,0,0,0,0,0,0,40,166000,1250000,383550.0,15342000,324000,603,4927,1606.725,64269,1518.0,2.07,75.31,29.778,1191.12,28.59,34.48,80.0,66.50432500000002,2660.1730000000007,67.225,20.65,76.01,37.089499999999994,1483.5799999999997,36.5,300,360,355.5,14220,360,81000.0,812500.0,265448.625,10617945.0,238125.0,3.5,6.0,4.78125,191.25,5.0,12,60,18.0,720,12,22000,320000,89675.0,3587000,72500,0,889,644.475,25779,662.5
CAX_Train_43,43,625000,1369,16.25,80.0,32.4,360,500000.0,5.0,12,V4C,250000,693,1.0,1,0,1,0,0,0,0,0,0,0,0,0,1,0,0,0,0,0,1,0,0,0,0,0,0,0,0,0,1,0,0,0,0,0,0,0,0,0,1,0,0,0,0,0,0,0,0,0,0,0,0,0,0,0,0,0,0,1,0,0,0,0,0,0,0,0,0,0,0,0,54,210000,1000000,690685.1851851852,37297000,677500,889,3637,2336.5,126171,2419.0,-0.03,86.84,31.861296296296292,1720.5099999999998,30.84,22.73,80.0,65.32722222222222,3527.6699999999996,65.0,18.73,86.84,41.52648148148149,2242.4300000000003,38.795,300,360,353.3333333333333,19080,360,150000.0,726000.0,455081.0962962963,24574379.2,457150.0,4.0,6.0,4.7407407407407405,256.0,4.75,12,36,14.222222222222221,768,12,14000,250000,96666.66666666667,5220000,90000,0,828,666.2407407407408,35977,675.5
CAX_Train_44,44,370000,1589,40.07,75.0,40.97,360,277500.0,4.5,12,M1B,51000,780,1.0,1,0,0,0,1,0,0,0,0,0,0,0,1,0,0,0,0,1,0,0,0,0,0,0,0,0,0,1,0,0,0,0,0,0,0,1,0,0,0,0,0,0,0,0,0,0,0,0,0,0,0,0,0,0,0,0,0,0,0,0,0,0,0,1,0,0,0,0,0,0,461,130000,2200000,471136.65943600866,217194000,440000,289,9388,1931.5140997830802,890428,1823.0,0.0,195.41,31.785097613882876,14652.930000000006,32.4,20.98,80.0,71.09393058568332,32774.30200000001,75.0,0.0,199.37,38.01047722342732,17522.829999999994,38.67,240,360,358.177874186551,165120,360,35000.0,3850000.0,359816.17245119304,165875255.5,340000.0,3.5,9.0,4.664859002169197,2150.5,4.5,6,60,15.019522776572668,6924,12,5000,459000,86731.01952277658,39983000,79000,0,887,649.7462039045553,299533,659.0
CAX_Train_45,45,225000,576,39.58,65.0,39.58,300,146185.0,6.0,12,C1A,41000,0,1.0,1,0,1,0,0,0,0,0,0,0,0,0,1,0,0,0,0,0,1,0,0,0,0,0,0,0,0,0,0,1,0,0,1,0,0,0,0,0,0,0,0,0,0,0,0,0,0,0,0,0,0,0,0,0,0,0,0,0,0,0,0,0,0,0,1,0,0,0,0,0,11,120000,293000,177181.81818181818,1949000,160000,350,1532,739.2727272727273,8132,594.0,5.56,39.58,24.20090909090909,266.21,24.41,43.2,75.0,61.037272727272736,671.4100000000001,65.0,12.33,48.22,34.77000000000001,382.4700000000001,38.36,180,360,294.54545454545456,3240,300,54000.0,234400.0,113075.90909090909,1243835.0,101100.0,4.25,6.0,5.159090909090909,56.75,5.0,12,36,16.363636363636363,180,12,29000,89000,51000.0,561000,45000,0,762,554.0,6094,641.0
CAX_Train_46,46,310000,1564,0.83,80.0,38.1,360,247833.68,5.5,12,L6A,1200000,645,1.0,1,0,0,0,1,0,0,0,0,0,1,0,0,0,0,0,0,0,0,1,0,0,0,0,0,0,0,0,0,1,0,0,0,0,0,0,0,0,1,0,0,0,0,0,0,0,0,0,0,0,0,0,0,0,0,0,0,0,0,0,0,0,0,0,0,1,0,0,0,0,632,260000,3891000,847683.5443037974,535736000,724500,766,13866,3414.4303797468356,2157920,2985.0,0.0,258.29,32.848212025316435,20760.06999999999,32.35,15.38,80.0,71.40449208860757,45127.63899999998,75.0,4.68,680.61,41.8007436708861,26418.070000000014,39.394999999999996,300,360,358.4810126582278,226560,360,100000.0,2944000.0,623835.5495886077,394264067.3400001,548800.0,3.5,8.0,4.4825949367088604,2833.0,4.5,6,60,14.610759493670885,9234,12,6000,1380000,158621.83544303797,100249000,122500,0,877,666.8892405063291,421474,675.5
CAX_Train_47,47,310000,1904,1.47,73.21,16.94,360,307500.0,5.25,24,M4C,85000,680,1.0,0,1,0,0,1,0,0,0,0,0,0,1,0,0,0,0,0,0,1,0,0,0,0,0,0,0,0,0,1,0,0,0,0,0,0,0,0,0,1,0,0,0,0,0,0,0,0,0,0,0,0,0,0,1,0,0,0,0,0,0,0,0,0,0,0,0,0,0,0,0,162,130000,1800000,619469.1358024691,100354000,567500,558,6789,2562.3518518518517,415101,2388.0,-0.8,82.77,26.75549382716049,4334.389999999999,27.995,17.39,80.0,70.23962345679013,11378.819000000001,75.0,0.0,82.77,36.20839506172839,5865.759999999999,37.394999999999996,180,360,355.9259259259259,57660,360,97500.0,1200000.0,458722.55895061727,74313054.55,423750.0,3.5,6.0,4.672839506172839,757.0,4.5,6,60,15.74074074074074,2550,12,24000,800000,139092.59259259258,22533000,99000,0,852,679.5061728395061,110080,691.5
CAX_Train_48,48,750000,3211,39.65,78.664,44.47,360,600000.0,4.0,12,L5V,104000,642,0.0,0,1,0,0,1,0,0,0,0,0,0,0,1,0,0,0,0,0,0,0,0,0,1,0,0,0,0,0,1,0,0,0,0,0,0,0,0,0,1,0,0,0,0,0,0,0,0,0,0,0,0,0,0,0,0,0,0,0,0,0,0,1,0,0,0,0,0,0,0,0,244,295000,1220000,640356.5573770492,156247000,625000,455,5003,2703.4918032786886,659652,2643.0,0.0,61.61,31.310655737704913,7639.799999999998,32.370000000000005,18.0,80.0,72.59205737704917,17712.462,78.43,0.0,89.9,37.664590163934434,9190.160000000002,38.245000000000005,300,360,358.7704918032787,87540,360,136000.0,959200.0,491185.15040983603,119849176.69999999,464750.0,3.5,9.0,4.469262295081967,1090.5,4.25,6,60,15.19672131147541,3708,12,9000,432000,118225.40983606558,28847000,105000,0,843,659.5532786885246,160931,682.5
CAX_Train_49,49,460000,2231,36.22,80.0,37.01,360,437000.0,5.0,12,L6Z,85000,753,1.0,1,0,0,0,1,0,0,0,0,0,0,0,1,0,0,0,0,0,0,1,0,0,0,0,0,0,0,0,1,0,0,0,1,0,0,0,0,0,0,0,0,0,0,0,0,0,0,0,0,0,0,0,0,0,0,0,0,0,0,0,0,1,0,0,0,0,0,0,0,0,330,211000,1165000,506748.48484848486,167227000,460000,673,5324,2258.8727272727274,745428,2125.5,-5.87,113.23,30.796484848484848,10162.84,32.68,19.26,80.0,74.74612727272726,24666.221999999998,80.0,3.99,113.23,38.092272727272714,12570.449999999995,38.685,180,360,357.8181818181818,118080,360,60000.0,932000.0,393510.1588787879,129858352.43,368000.0,3.5,7.0,4.553787878787879,1502.75,4.5,6,36,14.981818181818182,4944,12,7000,500000,103442.42424242424,34136000,91000,0,870,637.6424242424242,210422,655.5
CAX_Train_50,50,327000,1359,1.89,80.0,44.93,360,261920.0,3.75,12,M5V,284000,676,1.0,1,0,0,0,1,0,0,0,0,0,1,0,0,0,0,0,0,0,0,1,0,0,0,0,0,0,0,0,1,0,0,0,0,0,0,0,0,0,1,0,0,0,0,0,0,0,0,0,0,0,0,0,0,0,0,0,0,0,0,0,1,0,0,0,0,0,0,0,0,0,891,188000,2050000,409067.34006734006,364479000,371000,375,7681,1759.2244668911335,1567469,1640.0,-2.2,147.14,16.24341189674525,14472.88000000002,12.34,22.64,80.0,74.27344668911337,66177.64100000002,75.0,2.5,293.12,36.34181818181818,32380.559999999998,37.17,300,360,358.1818181818182,319140,360,60000.0,1537500.0,308405.8082491582,274789575.15,280000.0,2.75,6.25,4.535914702581369,4041.5,4.5,6,60,13.885521885521886,12372,12,4000,1200000,145052.74971941637,129242000,110000,0,874,691.9483726150393,616526,713.0
CAX_Train_51,51,420000,1697,26.04,75.0,33.29,360,336000.0,4.0,24,L5E,95000,700,1.0,1,0,0,0,1,0,0,0,0,0,1,0,0,0,0,0,1,0,0,0,0,0,0,0,0,0,0,0,1,0,0,0,0,0,0,0,0,0,1,0,0,0,0,0,0,0,0,0,0,0,0,0,0,0,0,0,0,0,0,0,0,0,0,0,0,1,0,0,0,0,69,245000,2200000,672347.8260869565,46392000,600000,556,5647,2745.1884057971015,189418,2599.0,1.01,167.59,28.85594202898551,1991.0600000000002,28.85,23.026,80.0,69.72621739130435,4811.1089999999995,75.0,15.22,167.59,39.251304347826085,2708.3399999999997,37.55,300,360,358.2608695652174,24720,360,191750.0,990000.0,485387.0,33491703.0,455000.0,3.5,6.0,4.655797101449275,321.25,4.5,6,36,15.217391304347826,1050,12,4000,860000,163057.97101449277,11251000,125000,0,831,660.6811594202899,45587,679.0
CAX_Train_52,52,185000,812,23.54,70.0,23.77,360,129842.99,4.5,12,M2J,52000,724,1.0,1,0,0,0,1,0,0,0,0,0,1,0,0,0,0,0,0,0,0,0,0,0,0,0,1,0,0,0,1,0,0,0,1,0,0,0,0,0,0,0,0,0,0,0,0,0,0,0,0,0,0,0,0,0,0,0,0,0,0,0,0,0,0,1,0,0,0,0,0,0,230,165000,9750000,572286.9565217391,131626000,393500,548,8335,2154.608695652174,495560,1683.5,0.0,203.43,24.439956521739113,5621.189999999996,26.355,20.0,80.0,71.90164347826087,16537.378,75.0,0.0,203.43,37.19321739130435,8554.44,37.605000000000004,300,360,358.69565217391306,82500,360,105000.0,1425000.0,393550.6664782608,90516653.28999999,287030.1,3.5,7.0,4.515217391304348,1038.5,4.5,6,36,14.217391304347826,3270,12,26000,558000,115686.95652173914,26608000,90000,0,882,694.9043478260869,159828,706.5
CAX_Train_53,53,525000,1926,32.62,59.81,39.27,360,320000.0,4.5,36,L6S,75000,598,1.0,0,1,0,0,1,0,0,0,0,0,0,0,1,0,0,0,0,0,0,0,0,0,0,0,1,0,0,0,1,0,0,0,0,0,0,0,0,0,1,0,0,0,0,0,0,0,0,0,0,0,0,0,0,0,0,0,0,0,0,0,1,0,0,0,0,0,0,0,0,0,453,112000,950000,446836.64459161146,202417000,425000,394,4264,1996.0596026490066,904215,1948.0,0.78,83.32,30.88004415011036,13988.659999999994,32.22,20.63,80.0,72.83405298013236,32993.82599999996,76.35,6.58,83.32,37.60324503311261,17034.27000000001,38.06,180,360,357.35099337748346,161880,360,90000.0,760000.0,346622.79534216336,157020126.29,340000.0,3.5,10.0,4.600441501103753,2084.0,4.5,6,60,15.165562913907285,6870,12,9000,631000,91344.37086092716,41379000,80000,0,873,639.4128035320089,289654,650.0
CAX_Train_54,54,608000,4729,43.17,65.84,54.32,360,823000.0,4.75,12,L5W,134000,710,0.0,0,1,0,0,1,0,0,0,0,0,0,0,1,0,0,0,0,0,0,1,0,0,0,0,0,0,0,1,0,0,0,0,1,0,0,0,0,0,0,0,0,0,0,0,0,0,0,0,0,0,0,0,0,0,0,0,0,0,0,0,0,0,0,0,0,1,0,0,0,0,137,305000,2675000,708328.4671532847,97041000,630000,754,11008,3007.5109489051097,412029,2817.0,2.89,202.65,33.011167883211684,4522.530000000001,32.42,9.59,80.0,74.25668613138686,10173.166,79.4,18.94,235.81,39.72379562043794,5442.159999999998,37.85,300,360,359.1240875912409,49200,360,70000.0,2025000.0,541907.7357664233,74241359.8,486392.0,2.5,6.0,4.437956204379562,608.0,4.5,6,60,14.802919708029197,2028,12,25000,598000,129277.37226277373,17711000,108000,0,872,672.9197080291971,92190,680.0
CAX_Train_55,55,832000,3448,20.28,79.98,41.75,360,665000.0,4.0,12,M2M,210000,700,1.0,1,0,0,0,1,0,0,0,0,0,0,0,1,0,0,0,0,0,0,0,0,1,0,0,0,0,0,0,1,0,0,0,1,0,0,0,0,0,0,0,0,0,0,0,0,0,0,0,0,0,0,0,0,0,0,0,0,0,0,0,0,0,0,1,0,0,0,0,0,0,211,207000,4000000,1043213.2701421801,220118000,902000,563,13744,4206.777251184834,887630,3812.0,0.0,55.64,28.50952606635073,6015.510000000004,31.2,16.88,80.0,72.15025592417065,15223.704000000007,75.0,0.0,67.2,37.69241706161135,7953.099999999995,38.35,300,360,358.86255924170615,75720,360,90000.0,3000000.0,776330.5369668247,163805743.3,720000.0,3.25,8.0,4.501184834123222,949.75,4.5,6,60,14.274881516587678,3012,12,11000,850000,199331.75355450236,42059000,180000,0,861,695.7014218009479,146793,712.0
CAX_Train_56,56,260000,1070,51.98,48.41,51.98,360,167000.0,4.5,12,L6S,28000,659,1.0,0,1,0,0,1,0,0,0,0,0,0,0,1,0,0,0,0,1,0,0,0,0,0,0,0,0,0,0,1,0,0,0,1,0,0,0,0,0,0,0,0,0,0,0,0,0,0,0,0,0,0,0,0,0,0,0,0,0,0,0,0,0,0,1,0,0,0,0,0,0,453,112000,950000,446836.64459161146,202417000,425000,394,4264,1996.0596026490066,904215,1948.0,0.78,83.32,30.88004415011036,13988.659999999994,32.22,20.63,80.0,72.83405298013236,32993.82599999996,76.35,6.58,83.32,37.60324503311261,17034.27000000001,38.06,180,360,357.35099337748346,161880,360,90000.0,760000.0,346622.79534216336,157020126.29,340000.0,3.5,10.0,4.600441501103753,2084.0,4.5,6,60,15.165562913907285,6870,12,9000,631000,91344.37086092716,41379000,80000,0,873,639.4128035320089,289654,650.0
CAX_Train_57,57,108000,484,3.92,65.0,24.6,360,70200.0,4.5,12,N4T,60000,718,1.0,1,0,0,0,1,0,0,0,0,0,0,0,0,1,0,0,0,0,0,1,0,0,0,0,0,0,0,0,1,0,0,0,0,0,0,0,0,0,1,0,0,0,0,0,0,0,0,0,0,0,0,0,0,0,0,0,0,0,0,0,1,0,0,0,0,0,0,0,0,0,43,108000,680000,372953.488372093,16037000,364000,484,3140,1786.7441860465117,76830,1796.0,0.8,48.51,25.54488372093024,1098.4300000000003,25.8,38.83,80.0,72.61497674418605,3122.444,75.0,24.6,55.33,38.10860465116278,1638.6699999999994,38.05,300,360,357.2093023255814,15360,360,70200.0,544000.0,286950.5837209302,12338875.1,284000.0,3.5,7.0,4.6395348837209305,199.5,4.5,6,36,14.093023255813954,606,12,27000,256000,104720.93023255814,4503000,95000,0,819,624.1627906976744,26839,688.0
CAX_Train_58,58,300000,1603,41.14,64.93,41.14,300,250000.0,4.5,12,L8R,59000,662,1.0,0,1,0,0,1,0,0,0,0,0,0,0,1,0,0,0,0,0,0,0,0,0,1,0,0,0,0,0,1,0,0,0,1,0,0,0,0,0,0,0,0,0,0,0,0,0,0,0,0,0,0,0,0,0,0,0,0,0,0,0,0,0,0,0,0,0,0,1,0,0,18,125000,530000,268333.3333333333,4830000,235000,537,2095,1159.5555555555557,20872,1010.0,0.26,54.2,20.263888888888886,364.74999999999994,15.620000000000001,40.32,80.0,62.945000000000014,1133.0100000000002,65.0,6.25,146.05,40.933888888888895,736.8100000000001,38.54,300,360,353.3333333333333,6360,360,81250.0,356000.0,193833.33333333334,3489000.0,185000.0,3.75,5.5,4.777777777777778,86.0,5.0,12,24,13.333333333333334,240,12,24000,313000,94666.66666666667,1704000,64000,480,805,645.1666666666666,11613,664.5
CAX_Train_59,59,435000,1766,14.83,75.0,16.4,360,326250.0,4.0,12,L4P,267000,676,1.0,1,0,0,0,1,0,0,0,0,0,0,0,1,0,0,0,0,0,0,0,0,0,0,1,0,0,0,0,1,0,0,0,0,0,0,0,0,0,1,0,0,0,0,0,0,0,0,0,0,0,0,0,0,1,0,0,0,0,0,0,0,0,0,0,0,0,0,0,0,0,252,163000,1198000,449599.20634920633,113299000,415000,379,4763,1893.2896825396826,477109,1819.0,-1.66,85.46,26.95785714285716,6793.380000000005,27.435000000000002,17.55,80.0,70.65483333333331,17805.017999999996,75.0,0.0,127.8,37.342857142857156,9410.400000000003,37.035,240,360,354.2857142857143,89280,360,50000.0,778375.0,338803.38801587303,85378453.78,327125.0,3.5,7.0,4.538690476190476,1143.75,4.5,6,60,16.642857142857142,4194,12,11000,815000,103968.25396825396,26200000,91500,0,866,668.5119047619048,168465,681.5
CAX_Train_60,60,325000,1359,27.12,65.0,51.14,360,211250.0,5.5,12,V2X,76000,516,1.0,1,0,0,0,1,0,0,0,0,0,0,0,1,0,0,0,0,0,1,0,0,0,0,0,0,0,0,1,0,0,0,0,1,0,0,0,0,0,0,0,0,0,0,0,0,0,0,0,0,0,0,0,0,0,0,0,0,0,0,0,0,0,0,0,1,0,0,0,0,0,66,135000,1313000,549666.6666666666,36278000,495000,507,5291,2026.1818181818182,133728,1849.5,-0.01,82.53,30.90818181818182,2039.94,30.955,26.0,80.0,64.6175909090909,4264.760999999999,65.0,18.93,93.26,39.845606060606066,2629.8100000000004,39.519999999999996,300,360,357.27272727272725,23580,360,70000.0,1024800.0,366406.63833333337,24182838.130000003,339425.0,4.0,6.0,4.825757575757576,318.5,4.625,12,36,15.818181818181818,1044,12,15000,306000,94878.78787878787,6262000,91500,0,855,645.3939393939394,42596,663.5
CAX_Train_61,61,390000,1833,6.76,75.0,34.58,360,292500.0,4.75,12,L7A,135000,637,1.0,0,1,0,0,1,0,0,0,0,0,0,1,0,0,0,0,0,0,0,0,0,0,1,0,0,0,0,1,0,0,0,0,0,0,0,0,0,0,1,0,0,0,0,0,0,0,0,0,0,0,0,0,0,0,0,0,0,0,0,0,0,0,0,0,0,1,0,0,0,0,1195,227000,3620000,545453.5564853556,651817000,515000,337,5656,2437.2753138075313,2912544,2387.0,0.0,113.83,31.569238493723823,37725.23999999997,32.63,19.35,80.0,75.08889288702935,89731.22700000007,80.0,0.0,115.43,38.73461087866107,46287.85999999998,39.15,120,360,358.1422594142259,427980,360,45000.0,960000.0,428097.49023430946,511576500.8299998,416000.0,3.5,10.0,4.53744769874477,5422.25,4.5,6,60,14.540585774058577,17376,12,9000,700000,109199.16317991632,130493000,97000,0,885,650.7531380753138,777650,661.0
CAX_Train_62,62,590000,1868,34.33,63.22,41.69,360,373000.0,4.5,12,L5L,79000,659,0.0,0,1,0,0,1,0,0,0,0,0,0,1,0,0,0,0,0,0,0,0,0,0,1,0,0,0,0,0,1,0,0,0,1,0,0,0,0,0,0,0,0,0,0,0,0,0,0,0,0,0,0,0,0,0,1,0,0,0,0,0,0,0,0,0,0,0,0,0,0,0,145,270000,3100000,611531.0344827586,88672000,560000,652,16174,2585.6758620689657,374923,2368.0,0.0,57.24,30.48172413793105,4419.850000000002,31.27,13.16,80.0,70.75390344827588,10259.316000000003,75.91,0.0,75.87,37.35999999999999,5417.199999999999,37.2,300,360,357.51724137931035,51840,360,85000.0,2640000.0,467667.72324137937,67811819.87,423750.0,3.25,7.0,4.456896551724138,646.25,4.5,6,60,16.055172413793102,2328,12,10000,800000,122634.4827586207,17782000,100000,0,864,667.5241379310345,96791,670.0
CAX_Train_63,63,345000,1362,38.31,67.64699999999999,38.31,360,225000.0,4.5,12,T5Y,46000,572,0.0,0,1,0,0,1,0,0,0,0,0,0,0,1,0,0,0,0,0,0,0,0,0,1,0,0,0,0,1,0,0,0,0,0,0,0,0,0,0,0,0,0,0,0,0,0,1,0,0,0,0,0,0,0,0,0,0,0,0,0,0,0,0,0,1,0,0,0,0,0,0,16,161000,570000,394187.5,6307000,376500,713,2756,1743.6875,27899,1656.0,0.0,38.31,21.426249999999996,342.81999999999994,24.325,52.45,80.0,72.2516875,1156.027,72.965,0.0,47.69,33.536875,536.59,36.57,300,360,352.5,5640,360,114531.96,513000.0,309693.56,4955096.96,306975.0,4.0,5.5,4.6875,75.0,4.5,12,24,13.5,216,12,33000,180000,92500.0,1480000,83000,0,795,654.9375,10479,680.5
CAX_Train_64,64,325000,1867,27.54,74.04,43.92,300,288750.0,5.0,60,T1Y,91000,610,1.0,0,1,0,0,1,0,0,0,0,0,0,0,1,0,0,0,0,0,0,0,0,0,0,0,0,1,0,0,0,1,0,0,1,0,0,0,0,0,0,0,0,0,0,0,0,0,0,0,0,0,0,0,0,0,0,0,0,1,0,0,0,0,0,0,0,0,0,0,0,0,49,236000,473000,363000.0,17787000,365000,612,2138,1459.938775510204,71537,1506.0,1.13,108.87,26.580408163265307,1302.44,26.54,28.57,80.0,68.43391836734695,3353.262,75.0,10.65,114.04,36.69693877551021,1798.1500000000003,34.3,300,360,355.1020408163265,17400,360,100000.0,360000.0,258821.42857142858,12682250.0,260500.0,4.0,7.0,4.913265306122449,240.75,5.0,12,60,15.918367346938776,780,12,28000,225000,82632.6530612245,4049000,65000,549,794,663.2448979591836,32499,660.0
CAX_Train_65,65,265000,1256,16.78,75.0,17.03,360,180000.0,4.75,24,E1B,97000,649,1.0,0,1,0,0,1,0,0,0,0,0,0,0,1,0,0,0,0,0,0,0,0,1,0,0,0,0,0,0,1,0,0,0,1,0,0,0,0,0,0,0,0,0,0,0,0,0,0,0,0,0,0,0,0,0,0,0,0,0,0,0,0,1,0,0,0,0,0,0,0,0,19,111000,265000,165578.94736842104,3146000,155000,397,1256,765.7894736842105,14550,753.0,10.88,39.89,25.75473684210526,489.3399999999999,26.77,32.47,80.0,70.44463157894737,1338.4479999999999,74.194,17.03,44.06,33.99157894736842,645.8399999999999,36.05,120,360,306.3157894736842,5820,300,50000.0,180000.0,118322.36842105263,2248125.0,120000.0,3.75,6.0,5.0131578947368425,95.25,5.0,12,36,15.157894736842104,288,12,27000,116000,52105.26315789474,990000,42000,534,816,640.421052631579,12168,640.0
CAX_Train_66,66,455000,2410,149.07,62.0,156.66,360,487500.0,4.75,12,L5M,24000,677,0.0,0,1,0,0,1,0,0,0,0,0,0,0,0,0,1,0,0,0,0,0,1,0,0,0,0,0,0,0,0,1,0,0,0,0,0,0,0,0,0,0,0,0,0,0,0,0,0,0,0,1,0,0,0,0,0,0,0,0,0,0,0,0,0,0,0,0,0,1,0,0,461,215000,1900000,636887.2017353579,293605000,585000,450,8495,2677.6117136659436,1234379,2498.0,-2.66,1080756.3,2374.590585683298,1094686.2600000002,31.47,12.5,80.0,72.60660954446855,33471.647000000004,79.12,0.0,1080756.3,2382.5631453362207,1098361.6099999978,38.04,300,360,358.30802603036875,165180,360,15000.0,1400000.0,485040.8189804772,223603817.55,459200.0,3.5,7.0,4.49295010845987,2071.25,4.5,6,60,14.941431670281995,6888,12,9000,2234000,130965.2928416486,60375000,109000,0,874,670.7266811279826,309205,690.0
CAX_Train_67,67,582000,3093,40.81,72.12,40.81,360,508500.0,5.0,12,L4E,77000,479,1.0,0,1,0,0,1,0,0,0,0,0,0,0,1,0,0,0,0,0,1,0,0,0,0,0,0,0,0,1,0,0,0,0,1,0,0,0,0,0,0,0,0,0,0,0,0,0,0,0,0,0,0,0,0,0,0,0,0,0,0,0,0,0,0,0,0,1,0,0,0,0,486,182000,4000000,914831.2757201646,444608000,775500,228,17875,3860.633744855967,1876268,3282.0,0.0,103.68,29.70917695473252,14438.660000000005,31.025,11.114,80.0,73.32159053497942,35634.293,79.905,0.0,134.07,38.79448559670781,18854.119999999995,38.815,300,360,359.25925925925924,174600,360,40000.0,3150000.0,703226.6705555554,341768161.8899999,601596.0,3.5,9.0,4.470679012345679,2172.75,4.25,6,36,14.333333333333334,6966,12,19000,1125000,182242.79835390946,88570000,142000,0,880,691.9609053497942,336293,697.0
CAX_Train_68,68,400000,1017,33.04,36.585,45.9,360,185000.0,4.5,12,N1R,45000,633,0.0,0,1,0,0,1,0,0,0,0,0,1,0,0,0,0,0,0,0,0,0,1,0,0,0,0,0,0,0,1,0,0,0,1,0,0,0,0,0,0,0,0,0,0,0,0,0,0,0,0,0,0,0,0,0,0,0,0,0,0,0,0,0,0,1,0,0,0,0,0,0,100,135000,1050000,344850.0,34485000,300000,435,4639,1498.59,149859,1333.5,1.03,46.62,26.764100000000006,2676.4100000000008,28.475,36.585,80.0,70.4152,7041.5199999999995,75.0,9.02,69.51,37.284,3728.3999999999996,38.025,300,360,355.2,35520,360,94500.0,720000.0,252842.9275,25284292.75,233000.0,3.5,10.0,4.7575,475.75,4.75,12,36,15.84,1584,12,22000,250000,83040.0,8304000,71000,0,820,637.09,63709,652.5
CAX_Train_69,69,480000,2345,21.89,80.0,32.33,360,384004.0,4.25,12,J7C,134000,715,1.0,1,0,0,0,1,0,0,0,0,0,0,0,1,0,0,0,0,0,1,0,0,0,0,0,0,0,0,1,0,0,0,0,0,0,0,0,0,0,1,0,0,0,0,0,0,0,0,0,0,0,0,0,0,0,0,0,1,0,0,0,0,0,0,0,0,0,0,0,0,0,31,194000,850000,384580.6451612903,11922000,350000,769,4358,1789.6129032258063,55478,1591.0,7.98,37.47,25.489677419354845,790.1800000000002,26.34,41.5,80.0,72.03861290322583,2233.1970000000006,75.0,17.17,45.98,36.65290322580645,1136.2399999999998,37.83,300,360,336.7741935483871,10440,360,100000.0,680000.0,282001.9032258064,8742059.0,232000.0,3.5,6.0,4.645161290322581,144.0,4.5,12,36,15.483870967741936,480,12,36000,275000,99903.2258064516,3097000,85000,0,882,644.0,19964,651.0
CAX_Train_70,70,500000,1977,26.59,75.0,50.7,360,375000.0,5.0,12,M2J,106000,835,0.0,0,1,0,0,1,0,0,0,0,0,1,0,0,0,0,0,0,0,0,0,0,0,0,1,0,0,0,1,0,0,0,0,1,0,0,0,0,0,0,0,0,0,0,0,0,0,0,0,0,0,0,0,0,0,0,0,0,0,0,0,0,0,0,1,0,0,0,0,0,0,230,165000,9750000,572286.9565217391,131626000,393500,548,8335,2154.608695652174,495560,1683.5,0.0,203.43,24.439956521739113,5621.189999999996,26.355,20.0,80.0,71.90164347826087,16537.378,75.0,0.0,203.43,37.19321739130435,8554.44,37.605000000000004,300,360,358.69565217391306,82500,360,105000.0,1425000.0,393550.6664782608,90516653.28999999,287030.1,3.5,7.0,4.515217391304348,1038.5,4.5,6,36,14.217391304347826,3270,12,26000,558000,115686.95652173914,26608000,90000,0,882,694.9043478260869,159828,706.5
CAX_Train_71,71,680000,1740,32.47,44.12,39.98,360,300000.0,3.5,12,L5L,68000,782,1.0,1,0,0,0,1,0,0,0,0,0,0,0,1,0,0,0,1,0,0,0,0,0,0,0,0,0,0,0,1,0,0,0,1,0,0,0,0,0,0,0,0,0,0,0,0,0,0,0,0,0,0,0,0,0,0,0,0,0,0,0,0,0,0,0,0,0,0,0,1,0,145,270000,3100000,611531.0344827586,88672000,560000,652,16174,2585.6758620689657,374923,2368.0,0.0,57.24,30.48172413793105,4419.850000000002,31.27,13.16,80.0,70.75390344827588,10259.316000000003,75.91,0.0,75.87,37.35999999999999,5417.199999999999,37.2,300,360,357.51724137931035,51840,360,85000.0,2640000.0,467667.72324137937,67811819.87,423750.0,3.25,7.0,4.456896551724138,646.25,4.5,6,60,16.055172413793102,2328,12,10000,800000,122634.4827586207,17782000,100000,0,864,667.5241379310345,96791,670.0
CAX_Train_72,72,945000,4176,38.45,75.0,38.45,360,776000.0,4.75,12,L3R,135000,547,1.0,0,1,0,0,1,0,0,0,0,0,0,0,1,0,0,0,0,0,0,0,1,0,0,0,0,0,0,0,0,1,0,0,0,0,0,0,0,0,1,0,0,0,0,0,0,0,0,0,0,0,0,0,0,1,0,0,0,0,0,0,0,0,0,0,0,0,0,0,0,0,377,205000,2600000,737023.8726790451,277858000,685000,594,9496,2993.9098143236074,1128704,2755.0,0.0,194.51,28.940583554376662,10910.600000000002,30.27,9.76,80.0,72.84129442970821,27461.167999999998,75.0,0.0,255.42,37.60185676392573,14175.900000000001,37.83,300,360,358.8859416445623,135300,360,90000.0,1616000.0,551326.0174270556,207849908.57,512000.0,3.5,6.0,4.388594164456234,1654.5,4.25,6,60,15.294429708222811,5766,12,18000,1450000,140957.5596816976,53141000,118000,0,874,686.3925729442971,258770,714.0
CAX_Train_73,73,545000,2337,26.03,75.0,38.41,360,436000.0,4.75,12,M6C,150000,683,0.0,1,0,0,0,1,0,0,0,0,0,0,0,1,0,0,0,1,0,0,0,0,0,0,0,0,0,0,0,0,1,0,0,0,0,0,0,0,0,1,0,0,0,0,0,0,0,0,0,0,0,0,0,0,1,0,0,0,0,0,0,0,0,0,0,0,0,0,0,0,0,72,251000,3600000,807125.0,58113000,631500,1043,16485,3074.6111111111113,221372,2496.5,0.56,69.83,29.893194444444443,2152.31,32.07,27.94,80.0,68.79581944444446,4953.299000000001,72.791,2.48,84.46,38.76263888888889,2790.91,39.989999999999995,300,360,359.1666666666667,25860,360,163150.0,2500000.0,558069.6620833334,40181015.67,470750.0,3.5,9.0,4.729166666666667,340.5,4.75,6,36,16.083333333333332,1158,12,14000,768000,142305.55555555556,10246000,99500,0,852,688.4166666666666,49566,703.0
CAX_Train_74,74,250000,1174,0.0,65.0,0.0,360,175000.0,6.0,12,L0G,100000,459,0.0,0,1,0,0,1,0,0,0,0,0,0,0,1,0,0,0,0,0,0,0,1,0,0,0,0,0,0,0,1,0,0,0,0,0,0,0,0,0,1,0,0,0,0,0,0,0,0,0,0,0,0,0,0,0,0,0,0,0,0,0,0,0,0,0,0,0,0,1,0,0,294,175000,3400000,691350.3401360544,203257000,612500,374,10783,2678.309523809524,787423,2412.5,0.0,532.09,31.098299319727907,9142.900000000005,29.945,14.88,80.0,67.78721428571431,19929.441000000006,71.73,0.0,732.89,41.30534013605438,12143.76999999999,39.07,300,360,358.57142857142856,105420,360,75000.0,1800000.0,472070.8639455782,138788834.0,414995.0,3.5,8.25,4.706632653061225,1383.75,4.75,12,60,15.183673469387756,4464,12,6000,701000,134227.89115646257,39463000,112000,0,899,661.3401360544218,194434,671.5
CAX_Train_75,75,278000,1169,2.1,65.0,28.94,360,181000.0,4.75,24,L6M,120000,670,1.0,1,0,0,0,1,0,0,0,0,0,1,0,0,0,0,0,0,0,0,0,1,0,0,0,0,0,0,0,0,1,0,0,0,0,0,0,0,0,1,0,0,0,0,0,0,0,0,0,0,0,0,0,1,0,0,0,0,0,0,0,0,0,0,0,0,0,0,0,0,0,289,223000,1903000,713287.1972318339,206140000,630000,600,8390,2914.0242214532873,842153,2602.0,0.0,101.18,28.083979238754324,8116.2699999999995,30.05,23.08,80.0,73.62484429065739,21277.579999999987,77.778,1.69,116.02,38.88823529411765,11238.7,38.97,300,360,359.3771626297578,103860,360,120000.0,1502000.0,537859.6875086505,155441449.69,500000.0,3.5,6.0,4.460207612456747,1289.0,4.25,6,60,16.110726643598618,4656,12,20000,525000,145678.20069204152,42101000,125000,0,897,677.8373702422145,195895,682.0
CAX_Train_76,76,1600000,3548,0.0,45.718999999999994,22.94,360,550000.0,5.25,12,M6J,58000,664,0.0,0,1,0,0,1,0,0,0,0,0,0,0,0,0,0,1,0,0,0,0,0,0,0,0,0,1,0,0,0,1,0,0,0,0,0,0,0,0,1,0,0,0,0,0,0,0,0,0,0,0,0,0,0,0,0,0,0,0,0,0,1,0,0,0,0,0,0,0,0,0,169,187000,2300000,627213.0177514793,105999000,484000,620,8661,2545.059171597633,430115,1823.0,0.0,55.52,19.32366863905325,3265.6999999999994,18.69,42.857,80.0,72.2782366863905,12215.021999999994,75.0,0.0,151.5,36.51639053254438,6171.27,37.23,300,360,358.93491124260356,60660,360,99950.0,1572000.0,465078.011775148,78598183.99000001,363000.0,3.5,7.0,4.603550295857988,778.0,4.5,6,36,14.627218934911243,2472,12,10000,1000000,151603.55029585797,25621000,113000,0,876,699.3254437869823,118186,715.0
CAX_Train_77,77,555000,2249,28.28,63.964,29.21,300,355000.0,4.25,12,L6Y,105000,744,0.0,1,0,0,0,1,0,0,0,0,0,0,0,0,1,0,0,0,1,0,0,0,0,0,0,0,0,0,1,0,0,0,0,1,0,0,0,0,0,0,0,0,0,0,0,0,0,0,0,0,0,0,0,0,1,0,0,0,0,0,0,0,0,0,0,0,0,0,0,0,0,678,165000,2440000,583262.5368731563,395452000,532500,447,8085,2573.5545722713864,1744870,2397.5,0.0,154.7,30.149041297935106,20441.050000000003,31.82,13.75,82.16,74.68706637168144,50637.83100000001,80.0,0.0,200.51,38.50200589970505,26104.360000000022,38.295,240,360,358.2300884955752,242880,360,50000.0,1400000.0,452069.8683775811,306503370.76,423511.5,3.5,10.0,4.523230088495575,3066.75,4.5,6,60,14.778761061946902,10020,12,11000,1100000,122523.59882005899,83071000,101000,0,872,663.598820058997,449920,680.0
CAX_Train_78,78,1050000,6584,34.91,80.0,39.76,360,1280000.0,3.75,12,M9A,222000,653,1.0,1,0,0,0,1,0,0,0,0,0,0,0,1,0,0,0,0,0,1,0,0,0,0,0,0,0,0,0,1,0,0,0,0,0,0,0,0,0,1,0,0,0,0,0,0,0,0,0,0,0,0,0,0,1,0,0,0,0,0,0,0,0,0,0,0,0,0,0,0,0,93,185000,5020000,1153860.2150537635,107309000,900000,473,22881,4869.580645161291,452871,4297.0,1.52,101.85,30.817204301075257,2865.999999999999,31.76,23.62,80.0,72.62240860215054,6753.884000000001,75.0,9.6,151.61,40.95548387096775,3808.8600000000006,39.41,240,360,357.4193548387097,33240,360,110000.0,3765000.0,868541.703763441,80774378.45,754000.0,3.75,8.0,4.688172043010753,436.0,4.5,12,36,14.193548387096774,1320,12,14000,812000,230301.0752688172,21418000,175000,0,855,669.2043010752689,62236,686.0
CAX_Train_79,79,485000,2287,24.44,80.0,40.92,360,388000.0,4.25,12,L7A,117000,707,1.0,0,1,0,0,1,0,0,0,0,0,0,0,1,0,0,0,0,0,0,0,1,0,0,0,0,0,0,0,1,0,0,0,0,0,0,0,0,0,1,0,0,0,0,0,0,0,0,0,0,0,0,0,0,1,0,0,0,0,0,0,0,0,0,0,0,0,0,0,0,0,1195,227000,3620000,545453.5564853556,651817000,515000,337,5656,2437.2753138075313,2912544,2387.0,0.0,113.83,31.569238493723823,37725.23999999997,32.63,19.35,80.0,75.08889288702935,89731.22700000007,80.0,0.0,115.43,38.73461087866107,46287.85999999998,39.15,120,360,358.1422594142259,427980,360,45000.0,960000.0,428097.49023430946,511576500.8299998,416000.0,3.5,10.0,4.53744769874477,5422.25,4.5,6,60,14.540585774058577,17376,12,9000,700000,109199.16317991632,130493000,97000,0,885,650.7531380753138,777650,661.0
CAX_Train_80,80,550000,2624,30.16,80.0,35.76,360,440000.0,4.75,12,L6Y,108000,616,0.0,0,1,0,0,1,0,0,0,0,0,0,0,0,0,1,0,0,0,0,0,0,1,0,0,0,0,0,1,0,0,0,0,1,0,0,0,0,0,0,0,0,0,0,0,0,0,0,0,0,0,0,0,0,0,0,0,0,0,0,0,0,0,0,1,0,0,0,0,0,0,678,165000,2440000,583262.5368731563,395452000,532500,447,8085,2573.5545722713864,1744870,2397.5,0.0,154.7,30.149041297935106,20441.050000000003,31.82,13.75,82.16,74.68706637168144,50637.83100000001,80.0,0.0,200.51,38.50200589970505,26104.360000000022,38.295,240,360,358.2300884955752,242880,360,50000.0,1400000.0,452069.8683775811,306503370.76,423511.5,3.5,10.0,4.523230088495575,3066.75,4.5,6,60,14.778761061946902,10020,12,11000,1100000,122523.59882005899,83071000,101000,0,872,663.598820058997,449920,680.0
CAX_Train_81,81,950000,3532,6.39,60.54,6.75,360,617500.0,4.5,12,V8R,33000,725,1.0,0,1,0,0,1,0,0,0,0,0,0,0,1,0,0,0,0,0,0,0,0,0,0,1,0,0,0,1,0,0,0,0,0,0,0,0,1,0,0,0,0,0,0,0,0,0,0,0,0,0,0,0,0,0,0,0,0,0,0,0,0,0,0,0,0,0,0,0,1,0,16,469000,1310000,832937.5,13327000,800000,1321,5530,3229.375,51670,3061.0,5.38,61.7,28.457499999999996,455.31999999999994,29.990000000000002,34.25,80.0,62.9586875,1007.339,65.0,6.75,232.13,59.42125,950.74,39.855000000000004,300,360,356.25,5700,360,200000.0,994400.0,567992.1875,9087875.0,537500.0,3.5,5.75,4.578125,73.25,4.5,12,36,17.25,276,12,33000,530000,131375.0,2102000,93500,574,859,727.0625,11633,726.0
CAX_Train_82,82,675000,4984,22.19,79.62,27.77,360,828000.0,5.0,12,L3T,490000,651,1.0,0,1,0,0,1,0,0,0,0,0,0,0,1,0,0,0,0,0,0,0,0,0,0,0,0,1,0,1,0,0,0,0,0,0,0,0,0,0,1,0,0,0,0,0,0,0,0,0,0,0,0,0,0,1,0,0,0,0,0,0,0,0,0,0,0,0,0,0,0,0,379,200000,5500000,753195.2506596306,285461000,560000,558,21742,3182.1240105540896,1206025,2239.0,-0.88,786.39,27.83261213720315,10548.559999999994,28.5,14.04,80.0,72.53871503957781,27492.17299999999,75.0,10.28,3254.02,46.45654353562005,17607.03,38.35,240,360,358.4168865435356,135840,360,86000.0,3500000.0,567828.6280211081,215207050.01999998,423650.0,3.5,9.0,4.569261213720317,1731.75,4.5,6,60,14.327176781002638,5430,12,1000,1667000,176620.05277044856,66939000,140000,0,870,692.4168865435356,262426,705.0
CAX_Train_83,83,318000,1246,14.96,65.66,15.2,360,206635.0,4.0,12,M6A,48000,651,1.0,1,0,0,0,1,0,0,0,0,0,1,0,0,0,0,0,0,0,0,0,0,0,0,0,0,0,1,0,1,0,0,0,1,0,0,0,0,0,0,0,0,0,0,0,0,0,0,0,0,0,0,0,0,0,0,0,0,0,0,0,0,1,0,0,0,0,0,0,0,0,101,186000,3200000,558940.594059406,56453000,385000,504,10408,2151.4059405940593,217292,1515.0,0.31,107.4,22.91386138613861,2314.2999999999997,22.18,10.0,80.0,69.8081188118812,7050.620000000001,75.0,11.72,247.29,40.72435643564358,4113.160000000002,37.95,360,360,360.0,36360,360,58500.0,1780000.0,390332.11772277224,39423543.88999999,271800.0,3.5,6.0,4.457920792079208,450.25,4.5,6,36,14.316831683168317,1446,12,14000,912000,150702.9702970297,15221000,105000,0,884,693.6435643564356,70058,712.0
CAX_Train_84,84,243000,1302,45.42,69.85,45.42,360,220000.0,4.25,12,L7M,36000,632,1.0,0,1,0,0,1,0,0,0,0,0,0,0,0,1,0,0,0,0,0,0,0,0,0,1,0,0,0,1,0,0,0,0,0,0,0,0,0,0,1,0,0,0,0,0,0,0,0,0,0,0,0,0,0,0,0,0,0,0,0,0,0,0,0,0,0,0,0,0,1,0,173,194000,3700000,592300.5780346821,102468000,525000,599,6751,2446.364161849711,423221,2213.0,1.35,99.41,31.490751445086712,5447.9000000000015,32.58,14.86,80.0,72.87808670520232,12607.909000000001,75.51,21.08,99.41,38.61734104046242,6680.799999999998,38.59,180,360,356.53179190751445,61680,360,130000.0,1050000.0,445502.12791907514,77071868.13,397600.0,3.5,8.0,4.606936416184971,797.0,4.5,12,60,17.479768786127167,3024,12,10000,600000,117052.02312138729,20250000,96000,0,856,661.7976878612717,114491,671.0
CAX_Train_85,85,295000,1415,43.41,80.0,43.9,360,236000.0,5.0,12,L7A,54000,663,1.0,1,0,0,0,1,0,0,0,0,0,0,0,0,1,0,0,0,0,0,0,0,1,0,0,0,0,0,1,0,0,0,0,1,0,0,0,0,0,0,0,0,0,0,0,0,0,0,0,0,0,0,0,0,0,0,0,0,0,0,0,0,0,0,0,0,1,0,0,0,0,1195,227000,3620000,545453.5564853556,651817000,515000,337,5656,2437.2753138075313,2912544,2387.0,0.0,113.83,31.569238493723823,37725.23999999997,32.63,19.35,80.0,75.08889288702935,89731.22700000007,80.0,0.0,115.43,38.73461087866107,46287.85999999998,39.15,120,360,358.1422594142259,427980,360,45000.0,960000.0,428097.49023430946,511576500.8299998,416000.0,3.5,10.0,4.53744769874477,5422.25,4.5,6,60,14.540585774058577,17376,12,9000,700000,109199.16317991632,130493000,97000,0,885,650.7531380753138,777650,661.0
CAX_Train_86,86,313000,1225,28.19,60.0,34.0,360,234375.0,5.0,12,N1A,67000,725,1.0,1,0,0,0,1,0,0,0,0,0,0,0,1,0,0,0,0,1,0,0,0,0,0,0,0,0,0,1,0,0,0,0,0,0,0,0,0,0,1,0,0,0,0,0,0,0,0,0,0,0,0,1,0,0,0,0,0,0,0,0,0,0,0,0,0,0,0,0,0,0,20,155000,1200000,337600.0,6752000,242500,508,3215,1237.9,24758,1064.0,11.2,86.66,31.272499999999997,625.4499999999999,28.549999999999997,22.083000000000002,72.06,60.50925000000001,1210.1850000000002,63.935,14.21,105.14,41.1635,823.27,38.075,300,360,354.0,7080,360,66000.0,509250.0,198343.75,3966875.0,155850.0,4.25,6.0,5.05,101.0,5.0,12,36,16.2,324,12,9000,161000,68150.0,1363000,59500,0,881,559.05,11181,621.5
CAX_Train_87,87,346000,1736,25.68,80.0,34.69,360,276800.0,4.75,12,L6R,90000,711,0.0,1,0,0,0,1,0,0,0,0,0,0,0,1,0,0,0,0,1,0,0,0,0,0,0,0,0,0,0,0,1,0,0,1,0,0,0,0,0,0,0,0,0,0,0,0,0,0,0,0,0,0,0,0,0,0,0,0,0,0,0,0,0,0,1,0,0,0,0,0,0,866,57000,1150000,550185.9122401847,476461000,530000,606,4962,2486.7240184757507,2153503,2447.5,0.0,164.19,32.35330254041572,28017.96000000001,33.315,31.25,80.0,74.83713163972287,64808.956000000006,80.0,0.0,193.01,38.50793302540411,33347.86999999996,38.765,240,360,358.06004618937646,310080,360,137500.0,847000.0,433686.71682448033,375572696.77,423835.0,3.5,7.0,4.506928406466512,3903.0,4.5,6,60,14.404157043879907,12474,12,4000,510000,109423.78752886836,94761000,98000,0,890,659.986143187067,571548,672.0
CAX_Train_88,88,380000,1756,5.65,80.0,36.66,360,308000.0,4.25,12,L6T,84000,715,1.0,0,1,0,0,1,0,0,0,0,0,0,1,0,0,0,0,1,0,0,0,0,0,0,0,0,0,0,0,1,0,0,0,1,0,0,0,0,0,0,0,0,0,0,0,0,0,0,0,0,0,0,0,0,0,0,0,0,0,0,0,0,1,0,0,0,0,0,0,0,0,231,130000,2100000,423385.2813852814,97802000,385000,351,8100,1831.8354978354978,423154,1735.0,0.16,76.59,29.150086580086583,6733.670000000001,30.24,22.39,80.0,71.9544675324675,16621.481999999993,75.0,9.04,123.89,37.46406926406926,8654.199999999999,37.73,240,360,358.4415584415584,82800,360,51500.0,1070000.0,319969.35714285716,73912921.5,292000.0,3.5,9.0,4.607142857142857,1064.25,4.5,12,36,14.12987012987013,3264,12,14000,300000,87597.4025974026,20235000,75000,0,873,643.5324675324675,148656,654.0
CAX_Train_89,89,439000,1701,3.85,70.0,32.06,360,307293.0,4.0,12,M5V,170000,796,1.0,1,0,0,0,1,0,0,0,0,0,1,0,0,0,0,0,0,0,1,0,0,0,0,0,0,0,0,0,0,1,0,0,0,0,0,0,0,0,1,0,0,0,0,0,0,0,0,0,0,0,0,0,0,0,0,0,0,0,0,0,0,1,0,0,0,0,0,0,0,0,891,188000,2050000,409067.34006734006,364479000,371000,375,7681,1759.2244668911335,1567469,1640.0,-2.2,147.14,16.24341189674525,14472.88000000002,12.34,22.64,80.0,74.27344668911337,66177.64100000002,75.0,2.5,293.12,36.34181818181818,32380.559999999998,37.17,300,360,358.1818181818182,319140,360,60000.0,1537500.0,308405.8082491582,274789575.15,280000.0,2.75,6.25,4.535914702581369,4041.5,4.5,6,60,13.885521885521886,12372,12,4000,1200000,145052.74971941637,129242000,110000,0,874,691.9483726150393,616526,713.0
CAX_Train_90,90,250000,1077,30.33,64.0,40.66,360,160000.0,5.75,36,K0G,47000,569,0.0,0,1,0,0,1,0,0,0,0,0,0,0,1,0,0,0,0,0,0,0,0,0,0,1,0,0,0,1,0,0,0,0,0,0,0,1,0,0,0,0,0,0,0,0,0,0,0,0,0,0,0,0,0,0,0,0,0,0,0,0,0,0,0,0,0,1,0,0,0,0,37,131000,1101000,331216.2162162162,12255000,269000,227,4640,1360.6486486486488,50344,1158.0,0.82,44.11,24.966216216216218,923.75,24.61,32.11,80.0,63.003972972972974,2331.147,65.0,21.18,65.41,36.48108108108108,1349.8,39.0,300,360,345.4054054054054,12780,360,70000.0,880422.25,223899.11702702704,8284267.33,180000.0,4.0,6.0,5.094594594594595,188.5,5.0,12,36,18.16216216216216,672,12,28000,191000,77729.72972972973,2876000,69000,0,835,648.8918918918919,24009,658.0
CAX_Train_91,91,615000,2541,22.24,80.0,29.11,360,492000.0,3.5,24,L6X,143000,708,1.0,1,0,0,0,1,0,0,0,0,0,0,0,1,0,0,0,0,0,0,0,0,1,0,0,0,0,0,1,0,0,0,0,1,0,0,0,0,0,0,0,0,0,0,0,0,0,0,0,0,0,0,0,0,0,0,0,0,0,0,0,0,0,0,1,0,0,0,0,0,0,729,208000,2000000,565684.4993141289,412384000,511000,527,7947,2498.289437585734,1821253,2323.0,-0.18,97.91,30.247887517146754,22050.709999999985,31.8,17.24,84.45700000000001,74.54462139917699,54343.029000000024,80.0,0.0,145.53,38.34451303155009,27953.150000000016,38.71,240,360,358.6008230452675,261420,360,75000.0,1500000.0,441937.1164471879,322172157.89,408000.0,3.5,8.0,4.5270919067215365,3300.25,4.5,6,60,15.135802469135802,11034,12,14000,745000,114082.30452674897,83166000,99000,0,872,663.1069958847737,483405,674.0
CAX_Train_92,92,345000,1771,42.77,60.87,49.12,360,298000.0,4.5,36,N1H,45000,745,1.0,0,1,0,0,1,0,0,0,0,0,0,0,1,0,0,0,0,0,0,0,1,0,0,0,0,0,0,0,1,0,0,0,0,0,0,0,0,0,1,0,0,0,0,0,0,0,0,0,0,0,0,0,0,0,0,0,1,0,0,0,0,0,0,0,0,0,0,0,0,0,53,127000,1300000,435867.92452830187,23101000,345000,454,4632,1787.8490566037735,94756,1596.0,6.03,143.05,28.924528301886802,1533.0000000000005,27.91,40.59,80.0,68.66884905660378,3639.449,66.291,13.09,158.84,41.37264150943396,2192.75,38.05,300,360,357.7358490566038,18960,360,82550.0,627250.0,302145.88679245283,16013732.0,272000.0,3.5,6.0,4.84433962264151,256.75,5.0,12,36,15.849056603773585,840,12,13000,600000,101528.30188679245,5381000,80000,0,852,612.566037735849,32466,641.0
CAX_Train_93,93,330000,1603,17.73,75.0,39.02,420,277500.0,5.5,12,L1V,173000,636,0.0,0,1,0,0,1,0,0,0,0,0,0,0,1,0,0,0,0,0,0,0,0,0,1,0,0,0,0,1,0,0,0,0,1,0,0,0,0,0,0,0,0,0,0,0,0,0,0,0,0,0,0,0,0,0,0,0,0,0,0,0,0,0,0,1,0,0,0,0,0,0,356,148000,1450000,536098.3146067415,190851000,490000,441,6221,2353.811797752809,837957,2255.5,-6.72,366.24,32.915252808988754,11717.829999999996,32.245000000000005,16.67,80.0,70.28742134831461,25022.322,75.0,8.31,408.59,40.02696629213487,14249.600000000015,39.03,240,420,356.6292134831461,126960,360,60000.0,1120000.0,402940.38390449435,143446776.67,370000.0,3.25,7.0,4.61376404494382,1642.5,4.5,12,60,15.910112359550562,5664,12,9000,415000,107412.9213483146,38239000,95500,0,841,633.3679775280899,225479,649.5
CAX_Train_94,94,488000,2023,0.35,65.0,45.97,360,317200.0,4.5,12,M5B,178000,866,1.0,1,0,0,0,1,0,0,0,0,0,1,0,0,0,0,0,0,0,0,0,1,0,0,0,0,0,0,1,0,0,0,0,0,0,0,0,0,0,1,0,0,0,0,0,0,0,0,0,0,0,0,0,0,0,0,0,0,0,0,0,1,0,0,0,0,0,0,0,0,0,94,240000,2212000,469404.25531914894,44124000,402000,589,8878,2006.8191489361702,188641,1791.5,0.35,46.99,14.036276595744685,1319.4100000000003,9.485,19.23,80.0,72.12755319148935,6779.99,75.0,3.03,80.17,36.26255319148935,3408.6799999999994,39.155,300,360,358.72340425531917,33720,360,75000.0,1440985.0,347250.7080851064,32641566.560000002,295087.5,3.75,6.0,4.4787234042553195,421.0,4.5,12,48,14.680851063829786,1380,12,15000,450000,125851.06382978724,11830000,110500,0,866,698.4042553191489,65650,717.0
CAX_Train_95,95,530000,2627,22.95,75.0,23.28,300,397500.0,5.0,12,H4J,365000,746,1.0,1,0,0,0,1,0,0,0,0,0,0,0,1,0,0,0,0,0,0,1,0,0,0,0,0,0,0,0,1,0,0,0,1,0,0,0,0,0,0,0,0,0,0,0,0,0,0,0,0,0,0,0,0,0,0,0,0,0,0,0,0,0,0,0,0,0,0,0,1,0,5,305000,530000,436000.0,2180000,410000,1368,2627,2127.8,10639,2114.0,22.95,42.04,31.195999999999998,155.98,31.46,65.0,75.0,71.0,355.0,75.0,23.28,43.18,34.718,173.59,33.17,300,360,324.0,1620,300,198250.0,397500.0,320900.0,1604500.0,307500.0,5.0,6.0,5.35,26.75,5.25,12,12,12.0,60,12,57000,365000,189200.0,946000,95000,573,746,658.2,3291,616.0
CAX_Train_96,96,1800000,4433,40.54,43.28,41.32,360,769000.0,4.5,12,V6K,104000,651,0.0,0,1,0,0,1,0,0,0,0,0,0,0,1,0,0,0,0,0,0,0,0,0,0,0,1,0,0,1,0,0,0,0,1,0,0,0,0,0,0,0,0,0,0,0,0,0,0,0,0,0,0,0,0,0,0,0,0,0,0,0,0,0,0,1,0,0,0,0,0,0,14,395000,3150000,1708071.4285714286,23913000,1777500,693,8787,5170.5,72387,4680.0,1.9,486.81,65.76071428571429,920.6500000000001,36.045,24.88,75.0,56.68114285714286,793.5360000000001,61.471999999999994,36.98,489.36,83.49071428571428,1168.87,44.715,360,360,360.0,5040,360,111300.0,1560000.0,876375.0,12269250.0,844500.0,4.0,6.0,4.767857142857143,66.75,4.75,12,36,14.571428571428571,204,12,9000,387000,183714.2857142857,2572000,150000,0,869,681.8571428571429,9546,712.5
CAX_Train_97,97,520000,2251,9.51,75.0,40.11,360,390000.0,4.75,12,L3Y,156000,832,1.0,1,0,0,0,1,0,0,0,0,0,0,1,0,0,0,0,0,1,0,0,0,0,0,0,0,0,0,0,0,1,0,0,0,0,0,0,0,0,1,0,0,0,0,0,0,0,0,0,0,0,0,0,0,1,0,0,0,0,0,0,0,0,0,0,0,0,0,0,0,0,290,195000,1800000,575662.0689655172,166942000,513000,465,6798,2353.2206896551725,682434,2237.5,0.0,144.36,29.600758620689664,8584.220000000003,29.435000000000002,13.33,80.0,71.82910344827582,20830.439999999988,78.08500000000001,2.38,174.76,38.65017241379312,11208.550000000005,38.455,300,360,357.51724137931035,103680,360,50000.0,1350000.0,427711.7136551724,124036396.96,400000.0,3.5,6.0,4.505172413793104,1306.5,4.5,6,60,15.331034482758621,4446,12,15000,675000,119268.96551724138,34588000,105000,0,897,678.9068965517241,196883,684.0
CAX_Train_98,98,850000,809,55.85,46.73,57.79,360,340000.0,4.5,12,L1T,49000,690,1.0,0,1,1,0,0,0,0,0,0,0,0,0,1,0,0,0,0,0,0,0,0,0,0,0,0,1,0,0,1,0,0,0,0,0,0,0,0,0,1,0,0,0,0,0,0,0,0,0,0,0,0,0,0,0,0,0,0,0,0,0,0,0,0,1,0,0,0,0,0,0,419,250000,3500000,556455.8472553699,233155000,525000,751,8599,2458.1885441527447,1029981,2399.0,0.0,373.49,34.283198090692146,14364.660000000009,33.39,22.22,80.0,73.13790214797136,30644.781000000003,77.93,0.0,602.56,40.52248210023865,16978.919999999995,38.86,240,360,357.708830548926,149880,360,100000.0,1600000.0,426174.8225775656,178567250.66,400000.0,3.5,8.0,4.597255369928401,1926.25,4.5,6,36,14.763723150357995,6186,12,13000,450000,107138.42482100238,44891000,96000,0,830,632.9355608591885,265200,653.0
CAX_Train_99,99,199000,1105,37.45,71.86,38.88,300,143000.0,5.75,12,B2V,38000,549,1.0,0,1,0,0,1,0,0,0,0,0,0,0,1,0,0,0,0,0,0,0,0,1,0,0,0,0,0,0,1,0,0,0,0,0,0,0,1,0,0,0,0,0,0,0,0,0,0,0,0,0,0,0,0,0,0,0,0,0,0,0,0,0,0,0,0,0,0,0,1,0,14,150000,670000,262214.28571428574,3671000,235000,362,3138,1189.5,16653,1190.0,8.9,37.45,21.369999999999997,299.17999999999995,21.78,27.03,80.0,68.88799999999999,964.4319999999999,72.0,18.15,52.1,35.212142857142865,492.9700000000001,37.455,300,360,321.42857142857144,4500,300,50000.0,536000.0,199839.2857142857,2797750.0,188000.0,3.75,7.0,5.142857142857143,72.0,5.125,12,60,20.571428571428573,288,12,33000,250000,82214.28571428571,1151000,68500,549,882,658.8571428571429,9224,647.0
CAX_Train_100,100,985000,3329,38.88,65.0,38.93,360,640250.0,4.0,12,M9C,107000,651,1.0,1,0,0,0,1,0,0,0,0,0,0,0,1,0,0,0,0,0,0,0,0,1,0,0,0,0,0,1,0,0,0,0,0,0,0,0,0,0,1,0,0,0,0,0,0,0,0,0,0,0,0,0,0,0,0,0,0,0,0,0,0,1,0,0,0,0,0,0,0,0,187,169000,3000000,491951.871657754,91995000,360000,503,7472,1906.9625668449198,356602,1466.0,0.0,57.36,24.530213903743334,4587.150000000003,26.73,15.62,80.0,71.1285294117647,13301.035,75.0,7.21,69.71,36.50299465240641,6826.059999999998,37.89,300,360,358.7165775401069,67080,360,80000.0,1260000.0,353295.64304812835,66066285.25,252000.0,3.5,6.0,4.613636363636363,862.75,4.5,6,36,15.016042780748663,2808,12,24000,688000,120064.17112299465,22452000,98000,0,881,657.2887700534759,122913,693.0
